chn_1,chn_2,chn_3,chn_4,marker
35.8069784706756,-11439.9803409534,4890.26465387004,5546.23483639351,-600
35.8069784706756,-11699.6172855272,4716.4397137795,5828.09800640401,-300
36.8069784706756,-11438.1515298751,4358.48453927053,5560.88028461999,0
36.8069784706756,-11865.3247727639,3958.3414233114,5927.61113437498,0
37.8069784706756,-12133.4625099371,3500.70295538347,6018.28313885071,0
37.8069784706756,-12106.9784084008,3237.83099734796,6096.42086862494,0
38.8069784706756,-11632.7759235692,2787.65175988166,6092.08445462631,0
38.8069784706756,-11954.6373236058,2600.23789330213,6260.13498918526,0
39.8069784706756,-11940.1115521779,2520.69583109454,5832.20441655536,0
39.8069784706756,-11897.7665349296,2425.51911712218,5978.80101501849,0
40.8069784706756,-11445.8145848843,1951.40825983942,5551.41272788216,0
40.8069784706756,-11703.267427884,1658.51238495963,5823.51475900831,0
41.8069784706756,-11419.2313759992,1515.19754870761,5558.10714880284,0
41.8069784706756,-11879.248420299,1047.01069295466,5930.74330058787,0
42.8069784706756,-12150.3107592374,1428.38699093614,6015.41276563472,0
42.8069784706756,-12086.9886431377,1278.36651406357,6087.25998368347,0
43.8069784706756,-11648.8948923782,928.057565014011,6088.74846386584,0
43.8069784706756,-11965.5129526769,589.540520524739,6258.87464290019,0
44.8069784706756,-11928.6113598141,467.266361423435,5827.7950745076,0
44.8069784706756,-11898.2714214236,604.55995874679,5973.49035708141,0
45.8069784706756,-11443.5669050109,944.773047865967,5552.76283176616,0
45.8069784706756,-11705.8142997538,551.554356674797,5830.29519762798,0
-49.1930215293244,-11959.4861038983,1030.38496770164,6096.27875242662,0
-49.1930215293244,-11627.9271432766,1419.13260849579,5810.96739465697,0
-48.1930215293244,-11185.6690139165,1626.57550928802,6205.97188807698,0
-48.1930215293244,-11441.3528842371,1830.24672097493,6291.21355781705,0
-47.1930215293244,-11313.5212338017,1892.00368894324,6340.66625493113,0
-47.1930215293244,-10940.8719923668,1730.84018015269,6353.25849808194,0
-46.1930215293244,-11260.7587252268,2082.54598183571,6535.43463477353,0
-46.1930215293244,-11174.0416649542,1859.00281173423,6091.31029533549,0
-45.1930215293244,-11170.8122613425,1491.954070483,6232.81315005897,0
-45.1930215293244,-10730.5661981585,1535.30138091943,5830.94594022027,0
-44.1930215293244,-10986.5305609758,1881.42538191857,6093.87399675511,0
-44.1930215293244,-10637.4426892618,1523.14483611346,5801.34837197094,0
-43.1930215293244,-10214.9387114676,1659.15938765196,6214.29316547839,0
-43.1930215293244,-10470.6188418883,1733.36648257276,6299.60963321757,0
-42.1930215293244,-10306.6971568805,1900.49139189268,6336.93383477535,0
-42.1930215293244,-9971.63391000027,1839.60208071409,6361.10854808893,0
-41.1930215293244,-10293.3943327381,2030.30518930465,6541.27635850432,0
-41.1930215293244,-10182.2295464551,1767.61274646702,6090.34540114692,0
-40.1930215293244,-10185.6852140142,1637.13511681291,6234.51106463885,0
-40.1930215293244,-9753.55473373406,1526.63229282214,5838.9530660254,0
-37.1930215293244,-9562.79552664416,1793.44049556101,5860.17325837398,0
-37.1930215293244,-9256.43601192389,1854.10728269223,5887.17159615411,0
-35.1930215293244,-9266.56366100389,1962.73454685522,6018.69639779581,0
-35.1930215293244,-8841.26597794279,1699.74852187107,5645.30478621973,0
-34.1930215293244,-9092.01318032196,1834.18670557825,5903.84968000651,0
-34.1930215293244,-8692.19356570899,1939.13577813482,5584.1574219442,0
-33.1930215293244,-8348.41448198207,1886.29473166088,6014.86300034123,0
-33.1930215293244,-8603.33541271178,1714.95308514092,6103.08537034598,0
-32.1930215293244,-8366.66893366579,2089.49658590336,6123.88295399957,0
-32.1930215293244,-8087.18807992706,2228.98924440066,6156.70057611075,0
-31.1930215293244,-8411.12138453912,2137.79926378107,6346.53228801163,0
-31.1930215293244,-8262.33694460191,1767.43510121912,5885.0622925791,0
-30.1930215293244,-8288.28811039444,2100.95002951766,6013.95794455195,0
-30.1930215293244,-7863.20734153077,1678.46849112319,5642.57839915203,0
-29.1930215293244,-8114.61650620209,1711.15147683596,5900.94377774094,0
-29.1930215293244,-7703.04238602839,2029.82461216035,5577.79959201953,0
-28.1930215293244,-7381.06691904314,1941.66021060491,6019.25738278916,0
-28.1930215293244,-7628.39959276276,1627.09535538186,6109.47311947029,0
-27.1930215293244,-7369.28623418271,2074.52950628069,6112.09104943928,0
-27.1930215293244,-7119.98263318645,2356.45251469048,6157.66547029931,0
-26.1930215293244,-7442.78274811193,2083.75022962144,6347.76271509705,0
-26.1930215293244,-7271.75338323828,1672.00781394974,5884.50130758575,0
-25.1930215293244,-7303.7482273592,1260.21490962863,6015.94757132838,0
-25.1930215293244,-6888.03590788454,1693.9217577401,5654.30672541308,0
-24.1930215293244,-7134.68791981222,1585.89287757002,5904.98660959304,0
-24.1930215293244,-6708.87600050721,1145.68982323552,5563.47951508919,0
-23.1930215293244,-6412.29071432114,1005.20422129998,6023.79014153546,0
-23.1930215293244,-6658.85296864988,538.260882282297,6111.76567814313,0
-22.1930215293244,-6360.89326923009,97.4108252554597,6108.00707868766,0
-22.1930215293244,-6146.31089942245,527.519889609555,6155.47388892528,0
-21.1930215293244,-6474.38801318541,80.5756656049216,6354.2327420204,0
-21.1930215293244,-6279.12783649884,570.195888003933,5881.8721579169,0
-20.1930215293244,-6325.97756324377,434.968585406097,6012.12165367371,0
-20.1930215293244,-5915.69183860481,718.017303702554,5664.58023059136,0
-19.1930215293244,-6159.87177666178,483.692002028825,5898.72227716726,0
-19.1930215293244,-5705.50198129512,280.486407886392,5552.45429001982,0
-18.1930215293244,-5442.7066912087,63.5497710566433,6037.38093797444,0
-18.1930215293244,-5692.4889993993,429.244668523914,6117.7607377721,0
-17.1930215293244,-5364.44554473594,116.665700177329,6102.66276165098,0
-17.1930215293244,-5181.21101635689,-342.096607687285,6162.87889083755,0
-16.1930215293244,-5511.57694889273,34.6702635988058,6368.73981394852,0
-16.1930215293244,-5286.47611045971,489.415918911009,5882.31346611167,0
-14.1930215293244,-5522.93689500814,147.392718213277,6129.01409673877,0
-14.1930215293244,-5058.84335975669,163.923076017427,5779.25678293268,0
-13.1930215293244,-4826.01214811526,-103.569528413338,6260.56694763014,0
-13.1930215293244,-5061.60527587397,124.616727483126,6343.21686670091,0
-12.1930215293244,-4706.63454152964,-107.401055917942,6322.14627035056,0
-12.1930215293244,-4551.25104812061,-437.940893801728,6382.75882893242,0
-11.1930215293244,-4883.73002413142,-219.158616343846,6584.23658929533,0
-11.1930215293244,-4650.72303719208,187.144114842305,6098.53578204988,0
-10.1930215293244,-4711.64600747026,523.890316702558,6217.47208044073,0
-10.1930215293244,-4309.9358734297,475.544629975355,5894.87205016287,0
-9.19302152932443,-4549.30630014365,43.0158503499278,6129.70597823058,0
-9.19302152932443,-5030.8296391386,299.494449411186,5768.90473985533,0
-8.19302152932443,-4844.67611884413,-103.509690014047,5279.73517540098,0
-8.19302152932443,-5079.06873871706,38.7000058010617,5367.96128530568,0
-7.19302152932443,-4678.3964269142,-100.960948194244,5324.05485982588,0
-7.19302152932443,-4555.99137131445,-342.367750434072,5400.49467502023,0
-4.19302152932443,-4800.67245596548,81.58356864298,5625.36924950593,0
-4.19302152932443,-5254.61403278721,545.046930751896,5245.39728395781,0
-3.19302152932443,-5099.40818462608,115.332425843126,4775.2825097777,0
-3.19302152932443,-5338.24006574642,97.9512407990569,4858.73650733894,0
-2.19302152932443,-4902.95497985365,37.9800750595914,4811.1874193023,0
-2.19302152932443,-4803.8195817782,-48.9501595104648,4891.58404864977,0
-1.19302152932443,-5144.65723418998,-153.809474468098,5102.27692250349,0
-1.19302152932443,-4867.16039737774,140.842283440887,5585.24199293135,0
0.806978470675574,-5104.33176291775,447.226107510871,5809.50696372427,0
0.806978470675574,-5537.60291268438,162.460775134752,5430.45501356526,0
1.80697847067557,-5421.40796096105,648.126053330621,4962.66645715759,0
1.80697847067557,-5658.77380129876,533.922598333696,5046.39346741559,0
2.80697847067557,-5192.84771506902,541.85866603967,4993.19713044586,0
2.80697847067557,-5125.3518706187,572.030308932199,5077.77122804383,0
3.80697847067557,-5463.3098000646,352.816073029435,5292.58547164873,0
3.80697847067557,-5168.11201676208,567.714464383333,5770.71111153392,0
4.80697847067557,-5244.05068536237,628.153117617259,5877.58997246763,0
4.80697847067557,-4875.48728462908,149.617958686913,5587.16056160862,0
5.80697847067557,-5103.46223617805,354.575695958587,5818.02271592338,0
5.80697847067557,-5516.54914588382,257.901152053981,5418.77904590359,0
6.80697847067557,-5436.85561772803,705.165137504826,4970.04527977016,0
6.80697847067557,-5662.58288940363,437.906276821292,5054.02660322516,0
7.80697847067557,-6148.64272704482,502.438250556721,4987.50126281334,0
7.80697847067557,-6110.13858705101,695.770508816133,5073.68725729222,0
8.80697847067557,-6459.87720135733,297.459943835291,5288.41548319813,0
8.80697847067557,-6131.33447004989,457.011555744933,5767.33024197398,0
9.80697847067557,-6221.72411207896,750.270200920424,5870.87685204717,0
9.80697847067557,-5854.48837582994,1140.96819954146,5591.45770665771,0
10.8069784706756,-6097.13121500513,1207.4486611538,5814.43989176583,0
10.8069784706756,-6479.85387697065,1290.19020777349,5415.76842643926,0
11.8069784706756,-6424.11066813109,1754.05186922768,4976.76961989049,0
11.8069784706756,-6655.51884783938,1313.104574802,5061.99259013078,0
12.8069784706756,-7101.64029385377,1478.28473614495,4985.27602233971,0
12.8069784706756,-7094.08008609334,1771.68175761881,5080.00020841742,0
13.8069784706756,-7447.30054725841,2211.6828573557,5292.33863825165,0
13.8069784706756,-7102.80340273999,2294.55904037379,5766.60844128253,0
14.8069784706756,-7202.39693856001,1871.33326188814,5867.88493208262,0
14.8069784706756,-6843.13092911657,2092.25102222072,5602.32585592894,0
15.8069784706756,-7073.63779293554,2055.66171100423,5817.22611723282,0
15.8069784706756,-7436.6324826348,2404.75893246815,5405.95866885549,0
16.8069784706756,-7418.62860424811,2732.25262183802,4978.74802696705,0
16.8069784706756,-7644.4830325222,3180.10564153189,5061.91405223171,0
17.8069784706756,-8059.39875330631,3406.69122024732,4976.83506813972,0
17.8069784706756,-8085.53317419667,3867.45250463825,5074.54743428203,0
19.8069784706756,-8190.59070385195,3688.93212015335,5175.77530638269,0
19.8069784706756,-7834.10344007559,3761.10283954827,4927.84611862013,0
20.8069784706756,-8067.60596375907,3609.47794559472,5137.81345188246,0
20.8069784706756,-8416.29179622786,3148.66430260441,4706.5786776417,0
21.8069784706756,-8426.06041491212,3498.99008120377,4287.18816656061,0
21.8069784706756,-8646.06189975556,3758.87572912466,4370.8740379191,0
22.8069784706756,-9030.94996379543,4054.01741392784,4279.53446130129,0
22.8069784706756,-9084.78582365759,3685.13986159828,4382.21341458476,0
23.8069784706756,-9434.64785466244,3805.93676021708,4613.40841999557,0
23.8069784706756,-9064.98492334219,3745.01565988887,5080.79680710798,0
24.8069784706756,-9167.20012903115,3826.21449777683,5163.71786892554,0
24.8069784706756,-8825.05912148481,3752.75538284717,4930.74454108579,0
25.8069784706756,-9054.67214921437,3475.53342868168,5134.24184742477,0
25.8069784706756,-9370.74231416959,3270.42796536176,4694.47636138508,0
26.8069784706756,-9430.1020062663,3485.45164336417,4293.4599787863,0
26.8069784706756,-9638.22182895051,3679.7020470627,4387.64000942046,0
27.8069784706756,-9994.22664563259,4035.17953785103,4266.1643189597,0
27.8069784706756,-10072.2521784081,3797.28076176964,4379.9395554117,0
28.8069784706756,-10423.2773182992,3764.92314735301,4621.93539189455,0
28.8069784706756,-10026.9302007951,3656.59881508643,5077.68895024481,0
29.8069784706756,-10142.8970186212,3946.48781040184,5160.93912325846,0
29.8069784706756,-9806.00683061261,3765.8693420418,4932.99970075908,0
30.8069784706756,-10033.7686078641,3361.62916568121,5138.99900016841,0
30.8069784706756,-10334.3742865025,3311.07506803017,4690.07449913724,0
31.8069784706756,-10415.0888073462,3586.09048122181,4301.42222579196,0
31.8069784706756,-10633.1904230122,3586.28869591946,4386.15900903801,0
32.8069784706756,-10950.1506841569,4007.82029972518,4270.00145631424,0
32.8069784706756,-11059.6736543592,3917.99164268947,4385.20533454931,0
33.8069784706756,-11416.63775538,3739.28052330682,4618.62932033372,0
33.8069784706756,-11006.011699845,3541.74461749722,5076.97088945331,0
34.8069784706756,-11125.1836119331,3116.81718453173,5157.92850379413,0
34.8069784706756,-10797.9012269107,2774.30966678974,4943.6658954327,0
35.8069784706756,-11022.2484755027,3244.7068034165,5135.88740340528,0
35.8069784706756,-11283.7572400043,3436.73944644131,4684.23651530641,0
36.8069784706756,-11423.3153467508,3612.25108141186,4305.87644663919,0
36.8069784706756,-11629.924249853,3510.77450596415,4392.40464196401,0
37.8069784706756,-11917.0139300515,3977.40556333553,4260.80504232319,0
37.8069784706756,-12049.0024792877,4055.72467825761,4383.20822797297,0
38.8069784706756,-12402.125703054,3711.16395543995,4622.99752348196,0
38.8069784706756,-11978.1444647773,3452.74995815162,5079.32328652544,0
39.8069784706756,-12097.6380082615,3248.25222857449,5150.57586048125,0
39.8069784706756,-11778.0710368477,2795.53733893823,4947.79474498378,0
40.8069784706756,-12010.7994012404,3121.69401407395,5143.01939262078,0
40.8069784706756,-12254.7268960503,3479.75951563161,4682.38152492838,0
43.8069784706756,-12611.8443329692,3965.54447062606,4928.63336756081,0
43.8069784706756,-12174.0067653567,3608.75614490327,5367.59851500998,0
45.8069784706756,-12400.2501432262,3813.76998067428,5559.48343198654,0
45.8069784706756,-12625.1752063613,3414.68338645263,5080.10492561618,0
46.8069784706756,-12810.0347212711,3566.19608340752,4722.92391039804,0
46.8069784706756,-13019.0035012452,3163.69496052632,4807.62329464453,0
47.8069784706756,-13235.5885874791,2768.84941285443,4663.16591895605,0
47.8069784706756,-13429.9437083764,3145.87807713742,4800.49504532898,0
48.8069784706756,-13789.8548505622,3497.45672222194,5048.37000454218,0
48.8069784706756,-13326.3877485534,3055.33135931021,5487.86621778505,0
49.8069784706756,-13454.9916883297,3364.34246309906,5556.76639466873,0
49.8069784706756,-13151.8241782216,3602.1870106311,5380.44881125773,0
-150.193021529324,9706.64069570281,823.661997650883,-6508.19948108634,0
-49.1930215293244,9504.76837589458,620.886492003354,-6020.20985506801,0
-49.1930215293244,9277.19172369089,747.308200155518,-6365.86449862271,0
-45.1930215293244,9571.06558240909,830.73601841707,-6523.20208975859,0
-45.1930215293244,9348.10957660066,831.525137307721,-6344.79951212229,0
-44.1930215293244,9174.94472885231,829.421443582645,-5869.08797765849,0
-44.1930215293244,8907.58302091999,903.607969053688,-6195.11936614569,0
-43.1930215293244,8706.10152065713,1227.25517131914,-6108.84922391781,0
-43.1930215293244,8558.89531850122,897.360466177708,-6273.24400627007,0
-38.1930215293244,8356.83039384527,1014.13884229413,-6179.95033192541,0
-38.1930215293244,8245.31405696651,764.633286700251,-6353.03290187474,0
-37.1930215293244,7965.25538868463,670.529924015182,-6204.6897701323,0
-37.1930215293244,7612.67071051203,553.171863405632,-5943.67654237477,0
-36.1930215293244,8100.41724303324,738.44650721051,-5521.30907092895,0
-36.1930215293244,7973.73561183415,816.406591736844,-5486.00815524719,0
-35.1930215293244,8247.98995538481,754.735641467518,-5596.44740093872,0
-35.1930215293244,8006.73087919323,457.666038237179,-5430.55104875425,0
-34.1930215293244,7889.13346498651,802.43993535232,-4983.80503944726,0
-34.1930215293244,7570.17983716546,968.257749637722,-5270.57121829968,0
-33.1930215293244,7363.19694406778,980.599419491498,-5184.25245737237,0
-33.1930215293244,7262.11492806539,672.078242596837,-5397.10138355055,0
-32.1930215293244,6991.09559797641,821.53025467614,-5214.3062934163,0
-32.1930215293244,6617.28698755527,575.852486686914,-4943.22151507809,0
-31.1930215293244,6127.66115530632,655.254302646166,-4555.03672922728,0
-31.1930215293244,6011.78035517927,1025.30057371188,-4507.84293168643,0
-30.1930215293244,6293.99320583563,840.811308897699,-4587.84687153855,0
-30.1930215293244,6036.79841593286,353.474295421636,-4444.76016918383,0
-29.1930215293244,5931.91666157549,-126.005188247522,-4021.23893860168,0
-29.1930215293244,5600.31469210429,131.436435052326,-4284.26797243533,0
-28.1930215293244,5385.90809759457,-78.4523603109247,-4201.42357856687,0
-28.1930215293244,5315.68399612658,-355.386342179829,-4432.23524423223,0
-27.1930215293244,5017.19510086305,6.79865917902676,-4229.93283592909,0
-27.1930215293244,4649.1272368739,-401.80785037983,-3962.44958124822,0
-26.1930215293244,4176.18509832729,-409.944002733433,-3575.33440678473,0
-26.1930215293244,4036.30910008453,-764.916607027741,-3533.21565348375,0
-25.1930215293244,4311.01971142978,-1109.50724904505,-3606.3045183178,0
-25.1930215293244,4072.53564100532,-746.553698245303,-3466.86421841988,0
-24.1930215293244,3993.93416363658,-1015.58153160788,-3042.04150265315,0
-24.1930215293244,3616.75029350543,-786.847380367906,-3296.71186008583,0
-23.1930215293244,3414.27023995441,-1107.87104281444,-3219.22300295392,0
-23.1930215293244,3369.13712728914,-1377.17562877374,-3445.09052087785,0
-22.1930215293244,3036.4244075311,-1798.71471237937,-3245.52571934228,0
-22.1930215293244,2675.73910605447,-1368.44857222713,-2977.8741691634,0
-21.1930215293244,2217.73412793089,-1489.56710224213,-2600.45281538507,0
-21.1930215293244,2083.27350482397,-1567.08026872376,-2549.20496629225,0
-20.1930215293244,2347.6545124916,-1082.78753381163,-2620.99608584167,0
-20.1930215293244,2109.78004575992,-844.971035529261,-2487.74532037042,0
-19.1930215293244,2040.27774498338,-957.798207342492,-2070.44354341458,0
-19.1930215293244,1648.85981562087,-668.892805715424,-2301.3430967289,0
-18.1930215293244,1444.59582979098,-208.518600969908,-2231.85014570225,0
-18.1930215293244,1433.24897332542,-447.391620989756,-2461.18455088511,0
-17.1930215293244,1077.86498003598,-673.853783006647,-2265.97673279792,0
-17.1930215293244,704.385480810945,-430.904272035097,-1990.81546350801,0
-16.1930215293244,268.128020929695,-630.351266722062,-1613.03133943397,0
-16.1930215293244,120.1102604834,-477.806357379404,-1579.95940412581,0
-15.1930215293244,379.808913406507,-115.595176720859,-1629.47193963918,0
-15.1930215293244,147.226405112129,-18.7355077684461,-1502.49298639362,0
-14.1930215293244,116.548005775605,52.0645382927196,-1092.19604205479,0
-14.1930215293244,-327.542674562837,297.05229474012,-1327.89388701226,0
-13.1930215293244,-520.886152522116,656.624975979927,-1250.42746928008,0
-13.1930215293244,-500.395240664891,437.251794329046,-1499.18691483279,0
-12.1930215293244,-891.790730627663,379.264645516074,-1298.78063580719,0
-12.1930215293244,-1252.68172660185,483.920135926122,-1004.14196754805,0
-11.1930215293244,-1679.28650469746,189.842452660336,-634.529524877198,0
-11.1930215293244,-1832.63362258062,583.18830045,-601.52864766819,0
-10.1930215293244,-1584.31174532272,834.103798327169,-643.826916167043,0
-10.1930215293244,-1806.31033674249,817.466853374282,-526.945692801844,0
-9.19302152932443,-1829.44535786839,1078.72504457891,-119.363915830847,0
-9.19302152932443,-2303.03262915736,1352.01636389097,-348.041968571484,0
-8.19302152932443,-2496.71269811265,1539.00388187556,-264.453334611837,0
-8.19302152932443,-2438.52359470207,1355.8291918958,-531.489671248008,0
-7.19302152932443,-2850.33893842291,1471.0985183801,-317.365439184938,0
-7.19302152932443,-3220.57968428632,1427.43518639742,-28.3029617597313,0
-2.19302152932443,-3665.79233461147,1733.49924902119,184.964833213486,0
-2.19302152932443,-4033.03368071042,1538.61680223014,476.585402208384,0
-1.19302152932443,-4423.29411103664,2008.05652446825,840.090588251598,0
-1.19302152932443,-4592.83125582797,1938.42706709322,860.588979908734,0
-0.193021529324426,-4357.25495761907,1937.25647840709,841.852081130728,0
-0.193021529324426,-4577.54815465905,1642.96936074378,962.375967052769,0
0.806978470675574,-4556.49812775845,1283.67156215072,1343.75974483416,0
0.806978470675574,-4116.35865172319,1600.33076134896,1139.29380440666,0
1.80697847067557,-4296.91915163392,1504.50891463425,1221.70810978022,0
1.80697847067557,-4177.29097175127,1326.2035743968,951.26846418437,0
2.80697847067557,-4659.02374514373,893.14185902769,1161.88093018905,0
2.80697847067557,-5012.77901200246,537.058504446542,1467.94499281282,0
3.80697847067557,-5396.16550621012,886.170685510284,1818.06507691462,0
3.80697847067557,-5569.55848785577,1112.56739927795,1838.87388026808,0
4.80697847067557,-5350.53498685075,980.0253448483,1833.53704303131,0
4.80697847067557,-5557.75723354559,562.276649847759,1949.46085200785,0
5.80697847067557,-5518.32559836278,367.553148804831,2313.38677679608,0
5.80697847067557,-5117.87020075735,723.455118238127,2125.14078247641,0
7.80697847067557,-4652.45274092158,448.048885501123,2345.97065516003,0
7.80697847067557,-5003.4068227135,933.381312600935,2646.43234765018,0
8.80697847067557,-5369.17838812986,1193.7082687166,3002.95888037607,0
8.80697847067557,-5554.89434012951,1616.77884135409,3013.24360525422,0
9.80697847067557,-5331.59239357518,1416.39874162818,3026.42675259803,0
9.80697847067557,-5546.84046557493,1842.06293488493,3126.80379745877,0
10.8069784706756,-5479.7597500197,1807.75870254137,3498.5535929543,0
10.8069784706756,-5112.87369441654,2212.59726289487,3309.20806804765,0
11.8069784706756,-5284.62299003167,1772.5176252589,3386.13220028626,0
11.8069784706756,-5098.02068174252,1654.682727405,3100.19440927403,0
12.8069784706756,-4668.93261007633,1582.09500916502,3317.0786875044,0
12.8069784706756,-5014.29928133445,1916.20832145646,3638.63341574464,0
13.8069784706756,-5362.74015035614,2073.33273829486,3985.26791308774,0
13.8069784706756,-5556.12289726496,1776.25752521459,3984.23757064995,0
14.8069784706756,-5345.10278216511,1456.62697550155,4013.48358830344,0
14.8069784706756,-5554.63254713261,1726.13912590839,4118.41209141026,0
15.8069784706756,-5462.74881507125,1862.49587829285,4465.58700429695,0
15.8069784706756,-5133.4637136226,2301.77891723825,4295.04569636751,0
16.8069784706756,-5295.57154715195,2711.86642717956,4373.16285669199,0
16.8069784706756,-5079.35671101365,2582.13864746657,4077.50880559488,0
17.8069784706756,-4670.01905101346,2710.91275269086,4304.99944009958,0
17.8069784706756,-5016.89290195372,2901.60838148151,4626.15025914461,0
18.8069784706756,-5356.62728387857,2927.17059767865,4965.64902737225,0
18.8069784706756,-5546.20655253245,2885.94942036703,4955.32503354457,0
19.8069784706756,-5356.6833823779,2445.30692778774,4999.43341362197,0
19.8069784706756,-5555.75264716934,2587.49418420311,5099.62720338488,0
20.8069784706756,-5437.83547151642,2869.71077475943,5435.0513506108,0
20.8069784706756,-5141.3380729793,2397.03229915969,5275.0154216569,0
21.8069784706756,-5301.67319392966,2611.29490752112,5355.57473665243,0
21.8069784706756,-5059.85874259466,2505.40151022574,5050.99728426105,0
22.8069784706756,-4678.89944345824,2828.17170595158,5283.49938470638,0
22.8069784706756,-5022.57941983635,2873.88637305996,5609.58313179296,0
23.8069784706756,-5360.70564478025,2797.58306421399,5942.65675189672,0
23.8069784706756,-5541.69062333595,3000.01262911562,5928.21512821783,0
24.8069784706756,-5358.37942700781,3432.94531793626,5979.86314660591,0
24.8069784706756,-5560.26109656593,3439.72201665597,6079.55952967471,0
25.8069784706756,-5419.19020028733,3882.20080011351,6409.60196086439,0
25.8069784706756,-5152.23801140016,3435.11445991056,6260.41922158189,0
26.8069784706756,-5318.16428278428,3533.79172024144,6339.19086439861,0
26.8069784706756,-5035.36426783487,3396.41210521911,6036.19912958844,0
27.8069784706756,-4688.53155579412,2973.69495312743,6254.36619350361,0
27.8069784706756,-5027.42072032899,2854.71751583707,6592.03615065292,0
28.8069784706756,-5349.67480986094,2636.21573087586,6925.12847025646,0
28.8069784706756,-5534.25383227406,2163.78595862318,6895.84692355339,0
29.8069784706756,-5366.51931926137,2428.39697013809,6970.07271797397,0
29.8069784706756,-5562.89959598467,2322.40633544386,7064.54820070463,0
30.8069784706756,-5396.48339770636,1958.81513170166,7383.40459112684,0
30.8069784706756,-5174.25293248933,1562.95794109175,7243.87827352994,0
31.8069784706756,-5329.08666060487,1481.98723710109,7321.83835805627,0
31.8069784706756,-5015.70922361774,1358.68834541193,7003.43823542865,0
32.8069784706756,-4698.42920102686,1152.33562545678,7243.82778488053,0
32.8069784706756,-5025.49280190183,880.306522379762,7571.39627224952,0
33.8069784706756,-5334.52634509042,535.317581017169,7904.11086195754,0
33.8069784706756,-5537.98438247986,329.654872603847,7878.64027330932,0
34.8069784706756,-5376.72737619042,515.814002748246,7962.73566371296,0
34.8069784706756,-5557.50479029858,228.060490307531,8045.77827227908,0
35.8069784706756,-5377.59503298014,14.671148585754,8351.92648265185,0
35.8069784706756,-5193.47040841164,-271.666811721732,8227.34854517784,0
36.8069784706756,-5326.40328238666,-564.012921308034,8307.69842577586,0
36.8069784706756,-4981.75654187001,-708.086957251055,7978.76300497307,0
37.8069784706756,-4716.7491009598,-649.439716095903,8224.15280066571,0
37.8069784706756,-5029.45522590488,-1092.06061575176,8561.36275012046,0
38.8069784706756,-5315.55570256518,-607.579015891866,8875.57979464764,0
38.8069784706756,-5537.85161603143,-534.505110657641,8851.33963308484,0
42.8069784706756,-5311.95230895787,-183.012483272103,9105.90340336878,0
42.8069784706756,-5616.81586369587,214.118143272719,9455.32412617887,0
43.8069784706756,-5870.09497834504,501.379858869261,9758.20553394035,0
43.8069784706756,-6140.47852544155,962.524483005649,9733.25105148601,0
44.8069784706756,-5990.07844872348,982.557257118302,9848.84387931647,0
44.8069784706756,-6111.79536273139,1289.4459676823,9908.10446406436,0
45.8069784706756,-5925.7783487853,1378.73233922445,10206.0922127338,0
45.8069784706756,-5835.88424350036,1347.88190448996,10107.4317819527,0
46.8069784706756,-5915.24679051008,1642.68325839717,10191.308388209,0
46.8069784706756,-5535.49734900933,1267.13185459668,9815.00713446737,0
47.8069784706756,-5340.43351707043,1078.21454823496,10091.6961528892,0
47.8069784706756,-5618.00702183176,1324.7094843645,10452.2879568669,0
48.8069784706756,-5869.30024960445,1340.20762978088,10737.2552438406,0
48.8069784706756,-6146.80830611655,1064.9005043927,10693.3918272103,0
49.8069784706756,-5972.71596317919,1092.88804571111,10855.7820231863,0
49.8069784706756,-6110.69396219443,1101.91616420415,10888.8296491448,0
-150.193021529324,7914.75551958295,12113.0960392944,-6210.84003560943,0
-49.1930215293244,8005.88379185326,12316.0660197396,-6254.39678044337,0
-49.1930215293244,7922.93468078604,12336.0183860032,-6197.95234036212,0
-48.1930215293244,8360.64509180008,11982.1584019457,-6573.67764951056,0
-48.1930215293244,8489.23220202658,11938.3454739648,-6289.30313667981,0
-47.1930215293244,8250.63967450341,11934.4746775107,-5943.82052852306,0
-47.1930215293244,8025.74266061798,11798.9575326663,-5667.34655434871,0
-46.1930215293244,7741.53644328523,11815.9291986652,-5690.1019756291,0
-46.1930215293244,7869.91224916425,11651.8074290097,-5542.05055608321,0
-45.1930215293244,7748.52070645249,11607.4840046849,-5504.67212597606,0
-45.1930215293244,7968.67926709406,12037.8791713856,-5228.98540074238,0
-37.1930215293244,7717.78620861663,11756.5638967186,-4860.96241555269,0
-37.1930215293244,7523.85182646435,11415.198918413,-4609.50089228199,0
-36.1930215293244,7220.875051254,11013.2326012255,-4645.37588260695,0
-36.1930215293244,7328.41587447986,10666.9216052286,-4458.81845311727,0
-35.1930215293244,7225.87342754478,10274.155441932,-4433.57225846639,0
-35.1930215293244,7508.05448905151,9975.80679291686,-4188.05904607521,0
-34.1930215293244,7454.36074538767,10347.1321097674,-4210.59007335826,0
-34.1930215293244,7397.56475471059,9915.33822048329,-4146.92014656262,0
-33.1930215293244,6953.02715632744,9502.00634733042,-4555.25738332467,0
-33.1930215293244,6988.19904546073,9240.80425462513,-4254.49462888809,0
-32.1930215293244,6731.72979614936,8792.10227764132,-3878.35606079455,0
-32.1930215293244,6543.60347862827,8363.2610393722,-3631.80128626572,0
-31.1930215293244,6251.08720359398,8207.43997766836,-3676.9923673803,0
-31.1930215293244,6342.8905278063,8680.98798000779,-3470.75184442382,0
-30.1930215293244,6247.59600698534,8217.82193994535,-3451.15289870603,0
-30.1930215293244,6552.58671832183,8055.87492211409,-3221.72499602427,0
-29.1930215293244,6464.35873846715,8438.49099693088,-3226.04271052312,0
-29.1930215293244,6403.70691093575,8869.3742205758,-3163.70044821174,0
-28.1930215293244,5991.38107087096,8453.71612965049,-3573.46258685691,0
-28.1930215293244,6004.79048216209,8371.14287852882,-3275.60199478594,0
-27.1930215293244,5741.23038253473,8773.65522110988,-2896.22467333078,0
-27.1930215293244,5566.97535394929,9239.24658629358,-2648.10288072051,0
-26.1930215293244,5287.9301985554,9290.61411218498,-2702.58013342507,0
-26.1930215293244,5352.12558129482,9679.24394613052,-2488.54191906098,0
-25.1930215293244,5254.7180169989,10070.1083702996,-2470.84658242063,0
-25.1930215293244,5591.53527695831,10031.5182126068,-2242.40227342723,0
-24.1930215293244,5471.83229907654,10502.7624365735,-2243.21570166759,0
-24.1930215293244,5403.36034073779,10758.8128170899,-2184.29544781567,0
-16.1930215293244,5157.64891364897,10291.0467000819,-2249.94752158783,0
-16.1930215293244,5169.5642349078,10424.7686929476,-2005.13367048837,0
-15.1930215293244,5052.81016814109,10675.5963031758,-1984.72316648019,0
-15.1930215293244,5485.81391506089,10927.6132015899,-1786.45611022925,0
-14.1930215293244,5300.34105655836,11397.1221119772,-1771.09634111123,0
-14.1930215293244,5219.36661266774,11411.4926775569,-1713.89644123893,0
-13.1930215293244,4912.36383515509,10997.9251907069,-2144.15323164127,0
-13.1930215293244,4895.575424254,11366.4605421905,-1845.49230097979,0
-12.1930215293244,4610.86619037721,11359.5753863721,-1434.82323659537,0
-12.1930215293244,4430.67968046205,11598.4203571422,-1202.6708167959,0
-11.1930215293244,4221.18918444408,11305.0382952682,-1289.38226721855,0
-11.1930215293244,4193.63547152054,11354.0552940375,-1028.22879321267,0
-10.1930215293244,4066.15911158087,11509.6388720941,-1003.99985134974,0
-10.1930215293244,4535.70542096771,11932.0680518892,-817.64063655771,0
-9.19302152932443,4307.39200847276,11461.7307536617,-788.944384197701,0
-9.19302152932443,4204.96175853634,11396.9182874296,-718.695973379999,0
-8.19302152932443,3921.6587270429,11042.4262602796,-1161.47768873395,0
-8.19302152932443,3902.92556816485,10590.8557800298,-864.398735753723,0
-7.19302152932443,3608.59731160203,10434.5578810816,-442.281837604936,0
-7.19302152932443,3433.07819683157,10583.2189043203,-226.843030707441,0
-6.19302152932443,3264.40496893,10486.0394739217,-309.896858973425,0
-6.19302152932443,3205.94098287268,10306.6102937475,-35.3545431261846,0
-5.19302152932443,3084.94586955622,10405.4446298765,-28.9724038517998,0
-5.19302152932443,2615.12093762267,9944.61976718636,148.549427344933,0
-4.19302152932443,2354.10210001521,10424.0431523562,182.518938642464,0
-4.19302152932443,2245.71418944938,10285.9660459921,259.667464878414,0
-3.19302152932443,1985.6247169809,9967.81462671155,-184.494273559187,0
-3.19302152932443,1950.98950349126,9655.12159141632,116.526533974338,0
-2.19302152932443,1634.34152399289,9411.26515470552,537.203570640184,0
-2.19302152932443,1449.95884632744,9557.50646267286,763.065478714187,0
-1.19302152932443,1294.89885426458,9632.74576998143,656.708333824299,0
-1.19302152932443,1228.69701519894,9387.24751719008,950.458775843963,0
-0.193021529324426,1096.86367181089,9392.51329632769,959.436405687597,0
-0.193021529324426,673.477077627145,9014.4038009575,1128.14329268877,0
0.806978470675574,391.690575565734,8593.71367464181,1168.49681321066,0
0.806978470675574,270.482287951801,8373.35876925256,1239.9831309137,0
1.80697847067557,37.9521382568037,8721.10214693252,794.097298596524,0
1.80697847067557,4.37531645461968,8773.07366666677,1078.73734432413,0
2.80697847067557,-320.866953141931,8384.82343256673,1526.85028706491,0
2.80697847067557,-506.334201794527,8444.11954636419,1754.40636981884,0
3.80697847067557,-627.140450163222,8717.39403612646,1636.31715876796,0
3.80697847067557,-736.893424212876,8389.24773421431,1936.00656191726,0
4.80697847067557,-878.345790286958,8296.03633766867,1942.66919368832,0
4.80697847067557,-1265.95276159462,8071.09070508382,2098.01341814781,0
5.80697847067557,-1581.21884805936,7631.04285659747,2145.40917028627,0
5.80697847067557,-1700.63572359452,7190.81923281322,2227.04557646905,0
6.80697847067557,-1887.68494992837,6836.38330416255,1765.534442137,0
6.80697847067557,-1947.5158694195,6846.27346959537,2056.85394918546,0
7.80697847067557,-2277.52651145955,7321.29125261739,2505.73357141717,0
7.80697847067557,-2464.16060889833,7299.39226842685,2722.32052760106,0
8.80697847067557,-2564.63676110789,6870.77916405503,2613.16219764436,0
8.80697847067557,-2710.20301713323,7353.18324948954,2913.82771468209,0
9.80697847067557,-2854.22843437683,7223.16001768004,2932.27477121354,0
9.80697847067557,-3211.67311254185,7139.76959841805,3074.95943432302,0
10.8069784706756,-3564.31575916376,6803.76202679904,3129.86116567254,0
10.8069784706756,-3700.6145430989,7233.24652786054,3216.97652529041,0
18.8069784706756,-3751.38368499739,7164.83814782104,3074.49194682856,0
18.8069784706756,-3956.82573931333,7470.80497304596,3406.70351999253,0
19.8069784706756,-4102.78842473397,7100.31365388552,3426.06685201312,0
19.8069784706756,-4378.88279906282,7226.9952850846,3545.47811769834,0
20.8069784706756,-4791.52092077391,7023.25675519848,3613.48445849261,0
20.8069784706756,-4934.30469123222,7152.49086811733,3704.28361956682,0
21.8069784706756,-5048.41464873025,6807.59916415358,3227.61093081441,0
21.8069784706756,-5136.96799988108,6376.68041145908,3510.07809466776,0
22.8069784706756,-5490.31935754459,6432.78452064436,3982.34331132239,0
22.8069784706756,-5662.02751426021,6147.86959227002,4194.00107936468,0
23.8069784706756,-5704.12382816145,6306.44135039127,4045.52892107377,0
23.8069784706756,-5933.77425489057,6476.4852516266,4392.50561926281,0
24.8069784706756,-6073.72692108242,6014.22800725339,4401.68894360401,0
24.8069784706756,-6311.90618966049,6273.7658444784,4522.49519197271,0
25.8069784706756,-6764.82677379431,6060.8346405012,4589.62265627738,0
25.8069784706756,-6909.61139072891,6117.60819177855,4676.38272539946,0
26.8069784706756,-6998.73133672303,5736.55165524328,4205.58915937739,0
26.8069784706756,-7100.15742352134,5510.00721542737,4494.17105965829,0
27.8069784706756,-7456.37354455091,5446.12224438427,4970.85683806055,0
27.8069784706756,-7631.24565662904,5075.45141002596,5177.00573346811,0
30.8069784706756,-8110.09496715566,4942.21373420455,5256.01112003206,0
30.8069784706756,-8259.29266603798,4864.16950192921,5354.57057351433,0
31.8069784706756,-8331.58306223148,4434.33719017184,4870.08149385453,0
31.8069784706756,-8437.28385467915,4411.30314634474,5141.27659924142,0
32.8069784706756,-8802.03816730756,4214.6479869747,4662.12061691843,0
32.8069784706756,-8981.2560431342,3741.11120433513,4864.61563006929,0
33.8069784706756,-8969.49592772353,3335.78645698739,4686.25793123246,0
33.8069784706756,-9259.54573873704,3352.95072783403,5066.1345293317,0
34.8069784706756,-9400.51565771684,3648.72445572973,5076.3725054604,0
34.8069784706756,-9575.43451854441,4089.57638270654,5168.49372116896,0
35.8069784706756,-9096.6768355667,4077.45536695015,5253.96539475629,0
35.8069784706756,-9260.14599267993,3821.55645238202,5357.34931918141,0
36.8069784706756,-9301.32790104201,3382.65862313206,5846.02895674156,0
36.8069784706756,-9413.59221791191,3548.75692991413,6118.88083780883,0
37.8069784706756,-9783.18596108299,3252.94580301889,5645.02803362301,0
37.8069784706756,-9960.78446022881,3620.86968085975,5846.09814489074,0
44.8069784706756,-10112.7122860788,3646.35335915782,5860.30415487243,0
44.8069784706756,-10220.0287153073,3278.79786146259,5918.49699818297,0
46.8069784706756,-10212.6947714942,3719.33563684313,6402.34094510042,0
46.8069784706756,-10339.6643749899,3325.6662877073,6660.62217594032,0
47.8069784706756,-10731.1739319013,3743.89742980212,6216.49783650227,0
47.8069784706756,-10909.7784641352,3928.81304321125,6411.06800164702,0
48.8069784706756,-10833.0525465942,4109.07996097546,6199.07738250867,0
48.8069784706756,-11201.6477364771,3964.19249679208,6615.38434607629,0
49.8069784706756,-11359.5444426564,3887.3169832529,6633.06846301677,0
49.8069784706756,-11427.5769627503,3618.16573319178,6678.22401508177,0
-150.193021529324,6818.43189682212,-5677.66040852187,-5253.08157615689,0
-49.1930215293244,6627.72878823156,-5338.71514548767,-5130.57928315829,0
-49.1930215293244,6658.0930359718,-4895.68659673664,-4659.60433198837,0
-48.1930215293244,6532.84004655579,-5145.48199457709,-4408.58598686242,0
-48.1930215293244,6125.15542233601,-4844.07036749819,-4839.91612855205,0
-47.1930215293244,5939.97614598,-4725.36220300464,-4641.74443974997,0
-47.1930215293244,6059.77449131064,-4322.10001048246,-4870.54590918915,0
-46.1930215293244,5648.06199483858,-4661.89984065654,-4439.61967669474,0
-46.1930215293244,5490.58041755442,-4740.28627377782,-4420.27130427397,0
-45.1930215293244,5458.81744723074,-4933.59235273754,-4386.29431317653,0
-45.1930215293244,5831.2572542681,-4632.25926355771,-4270.17415945232,0
-44.1930215293244,5644.15192943491,-4388.79738629224,-4147.11836126027,0
-44.1930215293244,5684.19129836053,-3955.95632502051,-3678.7725597592,0
-43.1930215293244,5551.91103692778,-4057.23655572055,-3428.5096744243,0
-43.1930215293244,5143.98705911083,-3867.7900535151,-3850.66210162267,0
-42.1930215293244,4961.10782122757,-3831.39334714632,-3660.31802342785,0
-42.1930215293244,5101.40081831539,-4249.73668623982,-3900.44390993286,0
-41.1930215293244,4661.51565547712,-4621.59493883407,-3456.5402245922,0
-41.1930215293244,4494.37391660741,-4838.77653911091,-3436.67574597755,0
-40.1930215293244,4493.3529239195,-4934.00000183271,-3407.31753132539,0
-40.1930215293244,4843.48048782121,-4546.68661267157,-3293.34034027578,0
-39.1930215293244,4643.56974553974,-4425.9458125521,-3165.63584643881,0
-39.1930215293244,4717.04382006923,-4075.21425480755,-2697.03573174076,0
-38.1930215293244,4581.74545937223,-3900.94052672233,-2456.54520499007,0
-38.1930215293244,4154.98360547848,-3870.66416663104,-2868.1249350137,0
-37.1930215293244,3972.01834989624,-3949.87337774258,-2678.39794031158,0
-37.1930215293244,4136.81517149374,-4122.78952214388,-2929.04042549198,0
-36.1930215293244,3667.9944026983,-4596.73956372855,-2462.91051471466,0
-36.1930215293244,3506.27177886438,-4939.75009801458,-2452.01431619376,0
-35.1930215293244,3535.44860836869,-4939.44716611817,-2443.68181909248,0
-35.1930215293244,3851.64032007247,-5403.7370461173,-2312.21685585007,0
-34.1930215293244,3650.17751930939,-5459.5774923557,-2176.84182720398,0
-34.1930215293244,3753.58949298417,-5148.23082104452,-1718.04025038983,0
-33.1930215293244,3594.83447976509,-4766.13833222152,-1480.84083560016,0
-33.1930215293244,3179.32972473797,-4860.89243749888,-1877.46844560094,0
-32.1930215293244,2997.04513094766,-5063.63428404681,-1699.81010805582,0
-32.1930215293244,3164.53468051326,-5038.27028254732,-1956.72814536187,0
-31.1930215293244,3654.30449891049,-5516.11355998587,-1479.76374441292,0
-31.1930215293244,3498.08326791139,-5031.48236412775,-1466.92653781501,0
-30.1930215293244,3560.03284072742,-4964.89718531664,-1461.90759207448,0
-30.1930215293244,3836.38339820324,-5270.57790819496,-1335.16238257615,0
-29.1930215293244,3640.23499527719,-5496.90169391349,-1197.15820426121,0
-29.1930215293244,3763.8424287127,-5248.34046305842,-742.893126093313,0
-28.1930215293244,3599.91887375485,-5613.29112043451,-503.864900225304,0
-28.1930215293244,3174.27898984781,-5827.7257641939,-893.577435208015,0
-26.1930215293244,3618.9643142792,-5432.543625526,-408.445092755832,0
-26.1930215293244,3470.11068619281,-5031.03170618308,-394.646731869314,0
-25.1930215293244,3567.11434129352,-4898.02590415893,-398.023861529302,0
-25.1930215293244,3815.28849250317,-5096.63329130584,-264.296258813698,0
-24.1930215293244,3613.59381794283,-5433.68429501248,-127.660883882545,0
-24.1930215293244,3765.44123594375,-5278.09697705587,324.838961506266,0
-23.1930215293244,3577.00263677636,-5391.18033201607,557.393420550976,0
-23.1930215293244,3151.54600796714,-5743.51630684161,179.222216831524,0
-22.1930215293244,2979.14596975973,-6186.59534424204,353.926033411644,0
-22.1930215293244,3186.91050194815,-5724.2315127201,81.4163531903214,0
-7.19302152932443,3007.060583029,-5469.33115144014,243.595244818836,0
-7.19302152932443,3290.79370301735,-5405.79025119297,-62.5473557040059,0
-6.19302152932443,3608.13917385746,-5281.82565731169,-514.781668195963,0
-6.19302152932443,3466.75412598258,-5324.84011665206,-492.086085314859,0
-5.19302152932443,3698.45775778737,-4873.91289919462,-539.436958653849,0
-5.19302152932443,3828.33139359864,-4667.22919809339,-383.02312280703,0
-4.19302152932443,3616.27719616104,-4562.86915977984,-221.315458572932,0
-4.19302152932443,3853.21107805386,-4601.7323301694,202.806025952104,0
-3.19302152932443,3633.49195565708,-4851.4716295105,416.212197223682,0
-3.19302152932443,3170.55778939189,-4746.58052540324,83.6004547644443,0
-2.19302152932443,2996.43365730491,-4592.07403853383,247.686695370361,0
-2.19302152932443,3305.65045559133,-4363.96258063648,-72.5702875852548,0
-1.19302152932443,3602.72940857155,-4230.85767126349,-513.614819409788,0
-1.19302152932443,3451.68793901108,-4438.08739775825,-486.371518182565,0
-0.193021529324426,3724.2911167313,-4882.14254904711,-549.789001731198,0
-0.193021529324426,3826.36233627196,-4570.03106819499,-382.234003916379,0
0.806978470675574,3597.66558403155,-4606.60728976164,-225.56024502264,0
0.806978470675574,3854.79118578514,-4650.56794379079,202.312359157953,0
1.80697847067557,3639.72823883319,-4744.90692017307,409.450458103795,0
1.80697847067557,3168.19604256988,-4761.36621987806,96.3609934132583,0
2.80697847067557,2995.36591586756,-4694.09663937507,256.041631871372,0
2.80697847067557,3330.95274874155,-4259.54644382359,-75.4350509513133,0
3.80697847067557,3581.15953557711,-4260.36922181384,-510.293788249135,0
3.80697847067557,3434.53862776427,-4520.59333068073,-488.492041457441,0
4.80697847067557,3750.15065497492,-4902.61476140456,-552.040421504524,0
4.80697847067557,3824.18758444773,-4483.86377321589,-388.666631840166,0
5.80697847067557,3590.13155557081,-4645.31899420298,-223.993226941206,0
5.80697847067557,3856.59942741372,-4728.41770126844,203.494167543951,0
6.80697847067557,3645.70646891236,-4635.44565831996,406.499677038755,0
6.80697847067557,3165.42290675273,-4778.81472312134,95.5531750228292,0
7.80697847067557,2982.76432296686,-4796.53997896133,251.968880819626,0
7.80697847067557,3359.41899725428,-5171.00307187471,-96.6739427996763,0
8.80697847067557,3572.18564563343,-5207.33619994424,-503.053341934919,0
8.80697847067557,3421.90337576397,-5588.5535521776,-483.256181519475,0
9.80697847067557,3765.05228634836,-5882.81075064126,-559.838112912137,0
9.80697847067557,3823.35919660755,-6351.38281608965,-390.072834223505,0
10.8069784706756,3581.79718851956,-6655.01033389229,-213.801999561951,0
10.8069784706756,3869.40671481198,-6772.49368115036,207.290165998977,0
11.8069784706756,3659.63572629733,-6490.10692514606,400.796329606328,0
11.8069784706756,4144.40529845381,-6732.84887167006,103.332166930664,0
12.8069784706756,3953.58625296462,-6865.81540474469,256.467980466321,0
12.8069784706756,4358.07700262224,-7049.88393081385,-99.7032617637851,0
13.8069784706756,4544.26792191627,-7143.04109881013,-505.394519307181,0
13.8069784706756,4389.03776440542,-7629.00930890241,-477.395758288909,0
14.8069784706756,4766.27960298589,-7861.74141319502,-562.328886282627,0
14.8069784706756,4795.28813699219,-8251.39410977844,-392.817920790982,0
15.8069784706756,4541.81828744529,-8645.80769900545,-214.931449348569,0
15.8069784706756,4854.84043393662,-8837.23634818742,203.187495747585,0
16.8069784706756,4645.39481671812,-9310.37109158175,394.498338080946,0
16.8069784706756,5114.68868285796,-9725.1222567678,106.159531297166,0
17.8069784706756,4934.92852153774,-9898.70410336122,260.974559912927,0
17.8069784706756,5360.88255704107,-9923.10134072216,-102.463307931084,0
18.8069784706756,5513.9529223275,-10038.8886433503,-506.90543888928,0
18.8069784706756,5351.04101030767,-9656.97753967518,-480.230602455322,0
19.8069784706756,5767.59667722235,-9814.09634666364,-561.651964390647,0
19.8069784706756,5771.71617702354,-10114.4028333056,-392.586046993729,0
20.8069784706756,5519.45057526236,-9677.50585053196,-214.407863354772,0
20.8069784706756,5836.88580370141,-9881.98301065933,207.41732259747,0
21.8069784706756,5630.38348774804,-10205.2337835295,385.922747482549,0
21.8069784706756,6099.85686908575,-9717.2647269609,113.317699812356,0
22.8069784706756,5912.15690015961,-10007.9951997663,265.425040860198,0
22.8069784706756,6361.96027768036,-9865.39281445589,-111.816797720265,0
23.8069784706756,6487.74433289008,-10031.1863193916,-492.884553955399,0
23.8069784706756,6327.66352513671,-9774.96951332722,-469.710263879966,0
24.8069784706756,6772.71348981379,-9875.49989408614,-574.614457637068,0
24.8069784706756,6743.52357065963,-10036.0986779834,-395.660244757306,0
25.8069784706756,6478.18701855332,-9679.20937496178,-205.697636357971,0
25.8069784706756,6826.14357053075,-9956.37897052789,204.343124833893,0
26.8069784706756,6601.87298988789,-10042.2433336106,378.925394665453,0
26.8069784706756,7072.90964940708,-9709.10239530761,110.98026234005,0
27.8069784706756,6900.41611370077,-10138.8860883656,263.121262487493,0
27.8069784706756,7351.78276940301,-9759.07680846551,-115.941907371391,0
28.8069784706756,7438.73170347285,-9958.66404940082,-490.53215688327,0
28.8069784706756,7308.02780987142,-9832.72291839296,-467.387786007483,0
29.8069784706756,7764.40219161432,-9916.90619644556,-571.334565375928,0
29.8069784706756,7709.84453106072,-9830.84174871525,-391.479036606845,0
30.8069784706756,7471.58859453356,-9718.27636989891,-204.635504770555,0
30.8069784706756,7833.14716264984,-10163.2627562767,201.811212563891,0
31.8069784706756,7570.68846355943,-9911.5431799091,381.93975402974,0
31.8069784706756,8052.1332646553,-9671.5519298025,124.470081480224,0
32.8069784706756,7896.09154885408,-9323.99554712033,262.578976993918,0
32.8069784706756,8334.98937810404,-9707.67375352453,-123.892934677187,0
33.8069784706756,8399.70834683726,-9854.39002878625,-482.225839081682,0
33.8069784706756,8299.31634237669,-9959.59902438974,-476.5355812991,0
34.8069784706756,8771.35716503399,-9994.14635023042,-594.488286001604,0
34.8069784706756,8649.31674967991,-9657.91625456406,-372.86181462742,0
35.8069784706756,8452.54004356131,-9731.13975579651,-206.531634048089,0
35.8069784706756,8859.06342884485,-9378.39239197584,187.44251693413,0
36.8069784706756,8515.41524161637,-9710.68624293884,383.069203816358,0
36.8069784706756,8049.01418809226,-9591.69945589859,136.871589733291,0
37.8069784706756,7942.72436140157,-9537.47090654108,259.658115128525,0
37.8069784706756,8321.61175596254,-9686.94535802012,-125.594589157026,0
38.8069784706756,8367.97903561318,-9658.0303215127,-467.602830254935,0
38.8069784706756,8324.87107877392,-10087.1557921785,-462.413719066415,0
39.8069784706756,8805.95123962412,-10185.7152456607,-604.402760784138,0
39.8069784706756,8595.50332921749,-10413.1946604656,-366.223492206071,0
40.8069784706756,8460.68928556476,-10745.7540443254,-196.202030370474,0
40.8069784706756,8923.9394733762,-10623.489234974,175.26914257836,0
41.8069784706756,8462.53305624291,-10545.9816783423,392.789203801196,0
41.8069784706756,8051.16089066682,-10513.8690273728,145.140508535322,0
42.8069784706756,7996.19371106807,-10773.6630477448,249.343471050732,0
42.8069784706756,8322.35225615377,-10689.3544830436,-130.362961600531,0
43.8069784706756,8332.71177903103,-10509.796276321,-464.027485897295,0
43.8069784706756,8356.72193674656,-10234.7378542799,-472.120629401408,0
44.8069784706756,8846.89005448908,-10383.531643967,-615.489694202781,0
44.8069784706756,8549.3510938143,-10195.143533449,-363.024007793978,0
45.8069784706756,8470.70286769612,-9775.29675457334,-192.905308559533,0
45.8069784706756,7986.26053678576,-9885.11330692224,172.447388061792,0
46.8069784706756,8415.86471464584,-10343.9317132862,386.003155331597,0
46.8069784706756,8036.38267599192,-10438.2108512692,156.889404246122,0
47.8069784706756,8014.70434589876,-10909.698168733,251.67903857306,0
47.8069784706756,8311.41865863331,-10586.8438252582,-138.360737655774,0
48.8069784706756,8296.96768520452,-10338.4041411517,-453.516497071829,0
48.8069784706756,8350.76614606712,-10249.8881890004,-456.811348932792,0
49.8069784706756,7874.39264931116,-10392.4737447611,-613.083068581294,0
49.8069784706756,7531.33536627568,-9957.33451496657,-366.971472197209,0
-150.193021529324,8426.69920481747,-8872.64198106793,-6041.04296777118,0
-49.1930215293244,7964.16146794759,-9100.32896032031,-5673.5510483752,0
-49.1930215293244,8366.1801437345,-9321.77965639658,-5485.00773200905,0
-48.1930215293244,7992.19201811548,-9508.97660877868,-5692.39640425192,0
-48.1930215293244,7978.59187192662,-9134.21619381882,-5592.56164488475,0
-47.1930215293244,8289.15503419709,-8654.50296640243,-5998.26038222806,0
-47.1930215293244,8248.23678878188,-8426.6850906516,-6306.71050102356,0
-46.1930215293244,8298.83763518237,-8468.07269351125,-6304.31509510195,0
-46.1930215293244,7866.82309180085,-8547.56613701941,-6466.52577588008,0
-45.1930215293244,7498.10261526942,-9031.74480498289,-6218.89578011399,0
-45.1930215293244,7428.57974504313,-8874.7045358935,-6037.24696931615,0
-44.1930215293244,6978.12562493008,-9135.34377365546,-5674.95351085858,0
-44.1930215293244,7400.67261157377,-9223.75874850793,-5485.13488860754,0
-43.1930215293244,7009.29021126084,-9542.36082573315,-5691.10613876721,0
-43.1930215293244,6975.74891850824,-9167.61163047315,-5582.87530399952,0
-42.1930215293244,7343.33433540311,-9554.83526203535,-6005.98327563656,0
-42.1930215293244,7269.01878338359,-9424.40812103064,-6308.36727670394,0
-41.1930215293244,7282.02241552953,-9483.73976387769,-6304.32257490186,0
-41.1930215293244,6887.51906870358,-9441.51629337795,-6468.08905406156,0
-40.1930215293244,6558.72202419914,-9052.86402003268,-6226.76826952071,0
-40.1930215293244,6427.52820370352,-8935.61254657186,-6031.52492238395,0
-39.1930215293244,5946.52284085244,-9044.43428553255,-5665.2372507737,0
-39.1930215293244,5521.70386498567,-9217.759948979,-5493.49356500851,0
-38.1930215293244,5046.69730166351,-9659.93954044008,-5688.45454969862,0
-38.1930215293244,4926.51374663744,-10102.8278429428,-5574.3184129009,0
-37.1930215293244,4470.83685623627,-10414.6438716984,-6013.09656535228,0
-37.1930215293244,4364.40304339729,-10601.1826016883,-6315.09535672422,0
-36.1930215293244,4255.45788773807,-10499.7378153902,-6297.21676498605,0
-36.1930215293244,3951.92386743432,-10214.1553148738,-6465.35518719395,0
-35.1930215293244,3712.98165926529,-10196.6843722308,-6246.71315598441,0
-35.1930215293244,3443.086169113,-10031.2779469405,-6031.83159418031,0
-34.1930215293244,3904.22705334943,-9847.37210651939,-5652.58890912355,0
-34.1930215293244,3679.47402561229,-10200.4523214361,-5519.07074080547,0
-33.1930215293244,4063.80858445872,-9875.38208723753,-5690.42921687523,0
-33.1930215293244,3851.58983142307,-10048.6759615344,-5560.77249526139,0
-32.1930215293244,3573.31883532001,-10243.5191393759,-6034.63838909706,0
-32.1930215293244,3400.75985136448,-9861.60616575075,-6327.87833477277,0
-31.1930215293244,3210.83838186465,-9573.13646246852,-6283.39035484986,0
-31.1930215293244,2978.84116791334,-9107.96396607985,-6476.41407136293,0
-30.1930215293244,2778.8687172826,-9278.14811356352,-6260.67794241896,0
-30.1930215293244,2441.55779052904,-9140.22247314766,-6019.67691932432,0
-29.1930215293244,2896.06783214403,-8839.46345861103,-5648.62835507048,0
-29.1930215293244,2742.40282276465,-9146.70371977087,-5532.69145644409,0
-28.1930215293244,3075.90466141334,-8977.31430102778,-5679.53114840435,0
-28.1930215293244,2835.93959060643,-9127.7274673957,-5554.20149103924,0
-27.1930215293244,2633.29685140733,-9173.53563200297,-6041.11215592036,0
-27.1930215293244,2411.92843313009,-8899.65714839786,-6323.0314244302,0
-26.1930215293244,2205.30457042815,-8666.82967665639,-6280.41713438509,0
-26.1930215293244,2016.25636756798,-9089.39910269981,-6482.60360578959,0
-25.1930215293244,1804.71266647434,-9214.82038761383,-6262.48805399751,0
-25.1930215293244,1447.95425995119,-9173.69083785113,-6027.00338333752,0
-24.1930215293244,1912.1693419512,-8905.77188482541,-5642.85394953889,0
-24.1930215293244,1774.06979618739,-9064.75503194179,-5543.97099471045,0
-23.1930215293244,2088.69261985976,-8980.80362768644,-5678.0912869214,0
-23.1930215293244,1845.23448249424,-9218.54345801972,-5550.17361878696,0
-22.1930215293244,1677.93005797645,-9127.532992598,-5063.69491235073,0
-22.1930215293244,1428.31043543393,-8842.27773332769,-5341.71346520679,0
-21.1930215293244,1211.11761545721,-8756.12539794842,-5289.53999087494,0
-21.1930215293244,1059.92467994854,-9113.40365056541,-5500.60124487429,0
-20.1930215293244,822.459732262008,-9138.33382367003,-5282.46410015877,0
-20.1930215293244,463.924873259906,-9212.00237299721,-5035.02670924039,0
-19.1930215293244,933.155161100496,-9007.11943372465,-4663.86220808792,0
-19.1930215293244,808.25372228032,-8942.92218103526,-4565.52901855297,0
-18.1930215293244,1101.40578030707,-9025.18128056066,-4689.79841428063,0
-18.1930215293244,855.954276265167,-9322.40047978922,-4560.91585195763,0
-17.1930215293244,722.746519643404,-9047.64498964451,-4097.62452524667,0
-17.1930215293244,433.611114169062,-8836.43226969694,-4355.82160833757,0
-16.1930215293244,215.879748598729,-8805.96330475794,-4302.76177771622,0
-16.1930215293244,99.4342235783679,-9146.10533577796,-4521.26917252736,0
-15.1930215293244,-157.190231581162,-9016.88618245894,-4305.28247028635,0
-15.1930215293244,-534.652724259011,-9235.59179196773,-4051.51342874299,0
-14.1930215293244,-1022.924712724,-9080.5542393046,-3680.86129388446,0
-14.1930215293244,-1143.82445859158,-8816.29103848558,-3588.69893927639,0
-13.1930215293244,-869.58881454071,-9018.52238868955,-3699.68421036144,0
-13.1930215293244,-1112.98711350694,-9411.26985248631,-3584.69537637382,0
-12.1930215293244,-1223.94620529231,-8971.99616329079,-3128.06855138391,0
-12.1930215293244,-1539.26465035643,-8777.27266224786,-3370.7525294586,0
-11.1930215293244,-1763.05091395503,-8880.97447816921,-3319.18117901962,0
-11.1930215293244,-1848.07005964773,-9136.80794448811,-3550.40049378015,0
-10.1930215293244,-2114.00686569693,-8923.32136536749,-3324.21882425993,0
-10.1930215293244,-2502.74141684122,-9261.44572036141,-3063.38885160023,0
-9.19302152932443,-2985.26143917436,-9158.76676707795,-2702.77086832281,0
-9.19302152932443,-3091.20532511914,-8713.02866080902,-2612.99830978643,0
-8.19302152932443,-2828.74288612878,-9024.50622861866,-2713.6090983944,0
-8.19302152932443,-3080.29416699842,-8550.64968453288,-2593.04407357284,0
-1.19302152932443,-3317.5777295371,-8890.60472055511,-2534.77082241326,0
-1.19302152932443,-3328.90588650288,-9075.86253481019,-2779.2406027168,0
-0.193021529324426,-3643.19585907919,-9541.27812469598,-2550.53824062645,0
-0.193021529324426,-4038.82678574178,-9166.34754428813,-2282.13123065652,0
3.80697847067557,-4274.36755490111,-9614.54276482794,-2216.13134618848,0
3.80697847067557,-4253.67094854632,-9743.0999558548,-2473.63841773755,0
4.80697847067557,-4590.96878565004,-10103.6861499826,-2241.73096138518,0
4.80697847067557,-4990.12269807089,-9855.18662747681,-1957.21246240614,0
5.80697847067557,-5437.0014738263,-9961.28571926975,-1611.43066225294,0
5.80697847067557,-5531.72565990401,-9850.35841663401,-1549.02295169234,0
6.80697847067557,-5307.29426356306,-9558.67426933987,-1604.18273613881,0
6.80697847067557,-5569.76979220327,-9366.24519691976,-1494.37740348978,0
7.80697847067557,-5565.26508270664,-9230.73740182524,-1082.28904707217,0
7.80697847067557,-6003.67485501239,-9127.14404300261,-1297.03597247786,0
8.80697847067557,-6247.00209587946,-8703.62655232042,-1231.98228269862,0
8.80697847067557,-6199.28097244486,-8829.01604808481,-1498.58479093993,0
9.80697847067557,-6558.33754749078,-9003.69929521518,-1261.29561855131,0
9.80697847067557,-6961.03688506963,-8891.56400489375,-978.605930650603,0
10.8069784706756,-7401.70368699864,-9079.69406231479,-630.299698027313,0
10.8069784706756,-7489.69231325615,-8745.63310862273,-569.97885164199,0
11.8069784706756,-7271.90297923651,-8552.08767606584,-617.266146681734,0
11.8069784706756,-7538.20068563143,-8476.93812635621,-507.139182636511,0
12.8069784706756,-7510.41135901067,-8205.48496787237,-116.596389863636,0
12.8069784706756,-7976.81054258481,-8057.22598387893,-313.578790479802,0
13.8069784706756,-8217.28049988573,-7790.63095543753,-243.105985664759,0
13.8069784706756,-8146.45427452488,-7883.91714998228,-518.848809397776,0
14.8069784706756,-8524.73019544309,-7900.5597047851,-280.142214925956,0
14.8069784706756,-8932.9608450564,-7930.41158623142,5.77500663651517,0
15.8069784706756,-9356.98135228263,-8200.88302097689,350.778907598931,0
15.8069784706756,-9447.4046534113,-8617.49291644092,393.993451586928,0
16.8069784706756,-9243.26969412988,-8573.47990381239,367.021293106493,0
16.8069784706756,-9510.01992841944,-8579.75732588801,472.974528801165,0
19.8069784706756,-9907.31324061233,-8464.49173930367,705.52524794592,0
19.8069784706756,-10320.5403965664,-8620.52784525497,993.880884279501,0
20.8069784706756,-10742.7320927143,-8958.10804480534,1341.48401571112,0
20.8069784706756,-10822.5565173686,-9177.58781360496,1382.48453892535,0
21.8069784706756,-10637.8952171564,-9222.61994897142,1371.68744775327,0
21.8069784706756,-10900.5689604943,-9355.14517385127,1466.88099127543,0
22.8069784706756,-10814.2950783665,-9707.31472312879,1849.71211033967,0
22.8069784706756,-10368.7851059948,-9604.92935199184,1669.42836302566,0
23.8069784706756,-10615.3211810239,-9568.64484262174,1733.92480771151,0
23.8069784706756,-10478.0406733504,-9591.90889029611,1444.13865964488,0
24.8069784706756,-10896.378402594,-9329.55677835444,1686.30466157571,0
24.8069784706756,-11307.8889444684,-9618.19103723472,1983.89785079984,0
25.8069784706756,-11723.8350076903,-10052.0661808442,2328.02287527267,0
25.8069784706756,-11793.2849498675,-9993.35536138979,2352.38458358404,0
26.8069784706756,-11626.5751694426,-10222.3344760769,2347.94532233663,0
26.8069784706756,-11889.5742840766,-10420.2630713818,2454.17905052798,0
27.8069784706756,-11767.8461503689,-10639.9728440287,2823.51287065214,0
27.8069784706756,-11363.7929690061,-10510.5704356119,2648.93247077056,-300
28.8069784706756,-11606.4432879812,-10612.8959683495,2721.97458685516,300
28.8069784706756,-11439.2996791615,-10612.2938444567,2429.91083971551,0
29.8069784706756,-11873.0794553221,-10187.2037258431,2666.57544881152,600
29.8069784706756,-12295.8096970636,-10614.6817705784,2974.08685271815,0
30.8069784706756,-12705.0837787645,-10124.6052803848,3312.42251205957,0
30.8069784706756,-12772.1588844698,-9916.94172549514,3324.03490142199,0
31.8069784706756,-12607.3975919219,-10200.6804553334,3345.53184636729,0
31.8069784706756,-12880.2924818387,-10520.6943447919,3441.07694048528,0
32.8069784706756,-12734.8234632122,-10594.7350141647,3790.74262674246,0
32.8069784706756,-12348.9387158341,-10450.9414707183,3631.61549347779,0
33.8069784706756,-12598.8444407232,-10688.1090963584,3702.11821749248,0
33.8069784706756,-12404.8483502217,-10643.7127439844,3405.09162311163,0
34.8069784706756,-12853.4904888062,-11072.6755290021,3647.41096094065,0
34.8069784706756,-13287.9827159084,-10636.7920591164,3950.2100909031,0
35.8069784706756,-13684.9151277556,-10226.6783698754,4287.37890145835,0
35.8069784706756,-13735.5758125553,-9841.17883219277,4295.64782026038,0
36.8069784706756,-13588.5491255973,-10185.2533680162,4327.83339927905,0
36.8069784706756,-13866.7359739514,-10646.2091272048,4421.56838181848,0
37.8069784706756,-13690.8802681849,-10592.2760299438,4764.49476835551,0
37.8069784706756,-13326.1446550562,-10364.8396239885,4612.38368740771,0
38.8069784706756,-13593.4633541391,-10771.8809854159,4687.77820056444,0
38.8069784706756,-13369.383508394,-10700.131004766,4382.14609638555,0
42.8069784706756,-13162.8157441914,-10483.0485118379,4718.28082460305,0
42.8069784706756,-12837.5846942947,-10266.300739956,4578.51141350903,0
43.8069784706756,-13098.4408462541,-9808.31259138217,4651.97987818858,0
43.8069784706756,-12835.8624703651,-9711.2210486325,4335.3150691404,0
44.8069784706756,-13323.8558362834,-9814.06829741398,4575.80933579104,0
44.8069784706756,-13766.242992192,-9655.44979054328,4898.61319061648,0
45.8069784706756,-14150.9721104837,-9425.23650887083,5222.62877302757,0
45.8069784706756,-14196.6811677422,-9534.65850177441,5216.38501005154,0
46.8069784706756,-14078.4367508431,-9163.50148042185,5273.62791877333,0
46.8069784706756,-14361.9379970342,-8847.26675986858,5361.41646038322,0
47.8069784706756,-14122.2833379236,-8469.69768004199,5690.38554028562,0
47.8069784706756,-13830.2700794334,-8232.67217060026,5557.34794911184,0
48.8069784706756,-14094.9596288474,-7919.36205181233,5635.8203999321,0
48.8069784706756,-13804.2759047914,-7802.84920859277,5317.55491370289,0
49.8069784706756,-13329.5909728654,-7728.0231602293,5552.12891872367,0
49.8069784706756,-13772.3708182694,-7707.43314102325,5886.18239261583,0
-150.193021529324,9782.20350435754,6288.97788754817,-6619.00149707356,0
-49.1930215293244,9746.98486647481,6396.14472077847,-6635.91145472321,0
-49.1930215293244,9854.00584360683,6656.22671344703,-6560.57117011584,0
-48.1930215293244,9566.51786406297,6857.80732105872,-6474.80965428194,0
-48.1930215293244,9831.36822917504,6412.24499008771,-6163.69859666796,0
-47.1930215293244,10098.2792791627,6663.88976845624,-6287.9025441464,0
-47.1930215293244,9825.11511644913,6834.20481243836,-6203.24429879943,0
-46.1930215293244,10147.2439193326,6974.40618197726,-6534.85374807054,0
-46.1930215293244,10604.0895284699,7215.85973296654,-6295.02892351197,0
-45.1930215293244,10152.0571705755,7099.65356154334,-5953.31987441051,0
-45.1930215293244,9784.67744817823,7160.90938291759,-5627.22116772411,0
-44.1930215293244,9759.82581297267,7514.03073673383,-5664.38642353378,0
-44.1930215293244,9841.9053973002,7618.48427254627,-5572.1829300262,0
-43.1930215293244,9551.66111148899,7737.82448013233,-5484.99651230918,0
-43.1930215293244,9856.3638505289,7448.42167181116,-5188.7403373192,0
-40.1930215293244,9403.80790664075,7189.85620857463,-4829.49115742556,0
-40.1930215293244,9035.46329005487,7165.010183219,-4519.76573274517,0
-39.1930215293244,9032.13477909431,6745.36161904097,-4556.50463995989,0
-39.1930215293244,9093.20734537073,6742.07050707996,-4451.97443619836,0
-38.1930215293244,8802.83590296103,6743.19621696662,-4372.00976529577,0
-38.1930215293244,9134.01713368721,6604.46649806028,-4083.23713011713,0
-37.1930215293244,9330.04585981468,6877.63440067381,-4187.01000413764,0
-37.1930215293244,9053.34749164298,6804.80919878664,-4096.61101235868,0
-35.1930215293244,8598.89167857735,6427.55427055633,-3735.05057429243,0
-35.1930215293244,8239.03663489088,6323.31390904136,-3424.14334122603,0
-34.1930215293244,8238.41581149824,6150.8166334351,-3472.22910490632,0
-34.1930215293244,8282.51671177574,5995.08345938022,-3348.11304507684,0
-33.1930215293244,7990.76524628239,5902.20117403068,-3270.9383395412,0
-33.1930215293244,8357.21373359073,5926.35344794452,-3007.0098597682,0
-32.1930215293244,8515.82476066152,6212.04627550965,-3096.18590426165,0
-32.1930215293244,8242.20433015335,6005.29899610918,-3003.61029070848,0
-31.1930215293244,8658.02510672674,6204.08589845397,-3356.46985152783,0
-31.1930215293244,9052.56772250222,5952.54022743427,-3118.56359564652,0
-30.1930215293244,8591.14821571909,6400.5222736766,-2750.26011796016,0
-30.1930215293244,8236.01292577671,6220.81447095577,-2437.89058401109,0
-29.1930215293244,8250.08055946004,6275.20383601137,-2505.26675166282,0
-29.1930215293244,8281.19652709138,5993.88108154446,-2362.60452795308,0
-28.1930215293244,7977.81397273583,5794.44530655736,-2282.89791014744,0
-28.1930215293244,8383.30701558158,5964.53221664218,-2019.07788747316,0
-19.1930215293244,8421.25391048199,5501.766345875,-2100.80779115483,0
-19.1930215293244,8412.94946263038,5024.49153322973,-1937.15724889375,0
-18.1930215293244,8105.28472282557,4576.89095678287,-1859.9414044586,0
-18.1930215293244,8566.76032810804,5042.74785486343,-1611.59708780096,0
-17.1930215293244,8638.68047420593,5443.33040906735,-1689.5571723273,0
-17.1930215293244,8341.31541887909,5787.66299798772,-1591.6409816374,0
-16.1930215293244,7869.3082553214,5988.42082760915,-1969.26242006337,0
-16.1930215293244,8219.20768532582,6303.65886482423,-1730.10703759687,0
-15.1930215293244,7743.09411161678,6320.17613297854,-1334.71172463148,0
-15.1930215293244,7403.35224989202,5847.71644152621,-1040.62656156579,0
-14.1930215293244,7448.65552800527,5634.98532219664,-1129.10698466748,0
-14.1930215293244,7420.70164578646,5977.02722239414,-948.084607112218,0
-13.1930215293244,7121.50403948134,6424.32673689457,-876.164461014323,0
-13.1930215293244,6632.57195867417,6064.23981941086,-644.156027363144,0
-12.1930215293244,6667.59425180923,6496.30111154182,-709.101260043677,0
-12.1930215293244,6363.48241696233,6704.61353907375,-612.662329836279,0
-11.1930215293244,5926.32738109171,6912.14806741489,-993.877812119663,0
-11.1930215293244,6257.84146291396,6434.08413587896,-749.262175717853,0
-10.1930215293244,5777.90197155025,6321.04939961819,-348.975073610429,0
-10.1930215293244,5435.28786665952,6703.95157678159,-61.8274249625356,0
-9.19302152932443,5502.88094850868,6727.4568480031,-152.686424436044,0
-9.19302152932443,5451.40309556859,6986.5739464831,44.8812705231867,0
-8.19302152932443,5144.82292675093,7279.95413840715,108.970066113867,0
-8.19302152932443,4695.87785627,7054.74671282539,329.968234295495,0
-7.19302152932443,4691.18802172557,6602.9630582781,277.282393669713,0
-7.19302152932443,4389.68663704773,6640.28351993593,375.808188052386,0
-6.19302152932443,3982.56673772126,6835.65215372121,-5.945839824617,0
-6.19302152932443,4289.14690653892,6565.83707141796,225.10143953795,0
-5.19302152932443,3809.92173606675,6297.72364359455,633.859415045012,0
-5.19302152932443,3476.09265617194,6585.69594018268,924.313135253735,0
-4.19302152932443,3551.74522242561,6870.78103400501,822.533627909612,0
-4.19302152932443,3481.02558421349,6968.72714389455,1025.91686729994,0
-3.19302152932443,3174.60249119397,7174.3954621578,1094.01483564312,0
-3.19302152932443,2754.88473886676,7104.83145303199,1303.27719776379,0
-2.19302152932443,2722.26907135319,6652.90568228638,1253.62067610212,0
-2.19302152932443,2420.14686328271,6577.74117297692,1362.51721306192,0
-1.19302152932443,2038.27128865715,6778.0651742035,969.60332371714,0
-1.19302152932443,2323.48914892791,6700.53704812205,1198.15234990931,0
3.80697847067557,1974.86128490843,6933.71981035931,800.836598316677,0
3.80697847067557,2242.56893358665,7049.8343542336,1022.41071109148,0
6.80697847067557,1941.66967280168,7019.90954473814,1084.6220769044,0
6.80697847067557,1577.72130861372,7236.2627571748,1268.9243467208,0
7.80697847067557,1482.73906943906,6882.38220366756,1242.10739408853,0
7.80697847067557,1177.52022420527,6511.06997646684,1351.79678983894,0
8.80697847067557,848.811067349799,6687.24918357948,938.5041856356,0
8.80697847067557,1104.84648826631,7016.57168402769,1173.6840544492,0
9.80697847067557,616.896131197513,7300.98920570793,1611.02982521756,0
9.80697847067557,294.099756171983,7284.15030615743,1888.9062618753,0
10.8069784706756,408.71834006399,7282.71979442438,1757.05795888743,0
10.8069784706756,274.498940504212,7053.94263433492,2007.61629631883,0
11.8069784706756,-32.750670405514,6916.38350411471,2064.80871639122,0
11.8069784706756,-362.138619102947,7275.58967515886,2246.31354104076,0
12.8069784706756,-489.317656996138,6964.50853674453,2223.47584196134,0
12.8069784706756,-796.937518001478,7429.7315217826,2334.54900069535,0
13.8069784706756,-1092.77669414639,7608.60719676329,1923.3507404672,0
13.8069784706756,-851.278264357652,7148.46112591507,2153.42938574124,0
15.8069784706756,-729.475332650765,7380.31622366807,2003.36403006921,0
15.8069784706756,-884.974762958418,7042.28162627308,2271.83648828837,0
16.8069784706756,-1189.25115340337,6790.07960281115,2338.73768864572,0
16.8069784706756,-1482.95671662357,7276.88368054353,2494.09313280508,0
17.8069784706756,-1647.66939047206,7030.3457355645,2484.47224016907,0
17.8069784706756,-1954.97135998117,7348.85244534085,2599.15814226028,0
18.8069784706756,-2222.99690015562,7510.46474212608,2180.89521101583,0
18.8069784706756,-2000.62057884032,7255.16421155086,2414.68009714596,0
19.8069784706756,-1523.66365769127,7244.66257247528,2869.9212892023,0
19.8069784706756,-1831.99409968819,7037.05137618505,3133.2495150324,0
20.8069784706756,-1689.5469202259,7496.42328774244,2978.39334751713,0
20.8069784706756,-1866.73777027655,7056.91398484972,3260.4865213749,0
21.8069784706756,-2177.42808914551,6678.65489348131,3320.64842201211,0
21.8069784706756,-2443.0956223979,6318.50439769835,3468.01917976607,0
22.8069784706756,-2631.36592606729,6132.48177390233,3474.58270418831,0
22.8069784706756,-2948.22707986314,6304.94165050904,3583.91306954297,0
23.8069784706756,-3191.55806063017,6450.16570568843,3162.37024603738,0
23.8069784706756,-2978.21733760782,6403.36833754288,3391.30074202503,0
24.8069784706756,-2505.44536450919,6248.51030007763,3852.93716300559,0
24.8069784706756,-2819.55395193765,5944.84351332546,4117.72394981841,0
25.8069784706756,-2658.6017474946,5659.51345605603,3955.07757069543,0
25.8069784706756,-2863.99892301107,6072.25068511594,4246.50553484261,0
26.8069784706756,-3170.86332422536,5591.17426416571,4308.30177176046,0
26.8069784706756,-3402.20605568442,5361.03765044235,4448.77615399612,0
27.8069784706756,-3622.91999146942,5226.52466873605,4446.83327596914,0
27.8069784706756,-3943.56966392038,5266.58834701138,4573.51677711821,0
28.8069784706756,-4156.73835154477,5425.14140563285,4139.4415488611,0
28.8069784706756,-3964.1540732765,5533.02442970466,4368.15139075136,0
29.8069784706756,-3486.07144224079,5251.41370294117,4842.33517608326,0
29.8069784706756,-3795.84174572065,4853.23964430871,5100.75291327155,0
30.8069784706756,-3631.68444701558,4802.26293796268,4920.13631486148,0
30.8069784706756,-3852.43391185015,5087.17412643707,5233.30057755113,0
31.8069784706756,-4168.24789365841,5488.51775028197,5284.14264749876,0
31.8069784706756,-4363.33603494702,5383.74258307334,5421.30721827364,0
32.8069784706756,-4609.67202532845,5308.39855856601,5431.57698355196,0
32.8069784706756,-4934.56274432916,5208.78258334626,5554.12789524999,0
35.8069784706756,-4750.61015515862,5388.39127871827,5367.65835340927,0
35.8069784706756,-5003.13007011678,5541.53457205383,5690.17236598814,0
37.8069784706756,-5283.54402889445,5555.51244813822,5708.14632517519,0
37.8069784706756,-5613.13206223952,5312.54236771692,5835.56658661552,0
38.8069784706756,-5777.20708314557,5403.15640374333,5391.14679508098,0
38.8069784706756,-5608.07945739938,4970.19940557298,5613.11359735113,0
39.8069784706756,-5145.49497178005,5375.11650382554,5128.10467159748,0
39.8069784706756,-5443.57434799842,5743.65372525914,5375.63929991471,0
40.8069784706756,-5238.67831907602,6158.26651414683,5188.10388658662,0
40.8069784706756,-5516.24060413748,6237.68515965589,5522.7800538214,0
41.8069784706756,-5824.26437433803,6417.95955722001,5571.81575209042,0
41.8069784706756,-5964.06183468172,6549.76485135839,5683.71355876467,0
42.8069784706756,-6277.74968336517,6618.7042971916,5708.66617126903,0
42.8069784706756,-6604.75718574081,6241.39701036191,5845.00609410368,0
48.8069784706756,-6715.89018287411,6286.81809532376,5381.9616007898,0
48.8069784706756,-6568.12860557478,6264.29267789064,5606.5238936292,0
49.8069784706756,-6113.97759435553,6375.48925332319,5134.14461002592,0
49.8069784706756,-6419.36473508732,6534.17320844312,5377.46063119313,0
-150.193021529324,7061.44872599287,8786.83088865377,-5816.22075188486,0
-49.1930215293244,6720.75318977941,8681.93791459654,-5458.71249542059,0
-49.1930215293244,6420.78890398337,8645.7487726753,-5412.003014924,0
-48.1930215293244,6350.43764591688,9015.65105759273,-5325.40189155005,0
-48.1930215293244,5972.58059379371,9235.95173443262,-5283.94884044118,0
-47.1930215293244,5636.58237192459,9553.44119142102,-5151.55825195973,0
-47.1930215293244,5546.32549634395,9575.49912135968,-5602.55652751634,0
-46.1930215293244,5678.60762772668,9768.02730112862,-5394.49467328144,0
-46.1930215293244,6134.73704602249,9731.99336505555,-5850.71758907614,0
-45.1930215293244,5834.3464116315,9811.294203716,-5609.82128318026,0
-45.1930215293244,6091.94885062944,9938.85097150471,-5828.9364117342,0
-44.1930215293244,5732.28080194077,9684.49663561829,-5451.4870087062,0
-44.1930215293244,5425.72307252284,9525.51535845189,-5407.35431927908,0
-43.1930215293244,5393.54123340413,9079.33220408824,-5332.32444636803,0
-43.1930215293244,4984.21292315383,9328.931257181,-5282.13872886262,0
-42.1930215293244,4639.5979717868,9463.64806343489,-5137.55232662568,0
-42.1930215293244,4582.89173870865,9541.9391291073,-5614.00810118066,0
-41.1930215293244,4697.50284280075,9898.10289153749,-5398.29815153638,0
-41.1930215293244,5140.58375015115,9672.26155291325,-5842.97225626791,0
-40.1930215293244,4851.27817922883,9699.68997918828,-5609.87364177964,0
-40.1930215293244,5129.78665897908,10061.8244918977,-5837.81493422901,0
-37.1930215293244,4784.65186151821,10057.074818954,-5697.16290674545,0
-37.1930215293244,4761.08862184739,10125.5710866425,-6175.98229807242,0
-36.1930215293244,4854.48327349085,9723.12045241067,-5960.54162122495,0
-36.1930215293244,5300.47756290674,9337.56668617869,-6392.06997761223,0
-35.1930215293244,5010.29685539478,9269.16204603914,-6167.01588792866,0
-35.1930215293244,5307.38889802486,8909.15740635446,-6404.15359436907,0
-34.1930215293244,4880.61208453128,9336.06137644653,-6001.97223293408,0
-34.1930215293244,4589.44404343102,8987.64294682456,-5961.28399136616,0
-33.1930215293244,4614.98195027845,8812.12009215415,-5908.94409148628,0
-33.1930215293244,4134.14675287535,9184.23826779532,-5836.75280264159,0
-32.1930215293244,3791.64110508334,9018.26898756171,-5691.91582710761,0
-32.1930215293244,3789.94880035339,9080.72905672169,-6176.60312146507,0
-31.1930215293244,3879.21086254582,8878.10127712241,-5965.11551887076,0
-31.1930215293244,4317.59071565192,9320.7277866282,-6394.47099338378,0
-30.1930215293244,4028.33002352906,9173.40377762368,-6164.77194795524,0
-30.1930215293244,4342.59942665562,9026.15830651824,-6417.53869631048,0
-28.1930215293244,4399.82924572757,8966.87902227057,-6377.88827698025,0
-28.1930215293244,4871.62323498778,9407.3251701022,-6308.68142830021,0
-25.1930215293244,4586.55871061521,9153.87028015511,-6086.76137477951,0
-25.1930215293244,4922.66912948299,9247.15834464984,-6354.80187455378,0
-24.1930215293244,4435.99407829909,9466.35949090276,-5923.29595756624,0
-24.1930215293244,4143.87984251004,9866.4764275622,-5877.81690415507,0
-23.1930215293244,4233.21296280162,9919.77374183074,-5848.57088650157,0
-23.1930215293244,4676.55379319895,9464.2127883282,-5767.71424945956,0
-22.1930215293244,4336.93160827277,9018.09882211372,-5609.85494227986,0
-22.1930215293244,4376.22673710721,9026.09472821899,-5127.50695534469,0
-21.1930215293244,4437.6976027289,9238.70617074998,-4925.0325116436,0
-21.1930215293244,4857.92398145009,9387.91134943221,-5328.73227246059,0
-20.1930215293244,4580.70950708451,9027.37938385377,-5114.09006425365,0
-20.1930215293244,4933.55223835405,9346.1834156766,-5377.3808910842,0
-19.1930215293244,5402.34121799987,9479.42296144799,-4936.84685560362,0
-19.1930215293244,5117.4113300257,9751.04815532979,-4893.52198456693,0
-18.1930215293244,5238.51490044087,9925.66782416091,-4870.41688264068,0
-18.1930215293244,5648.37240653491,9553.55899826963,-4788.40461651235,0
-17.1930215293244,5296.71148365136,9923.02932474217,-4633.17819890147,0
-17.1930215293244,5372.42575825431,9921.69979030792,-4149.74190107919,0
-16.1930215293244,5421.93642381771,10351.2665691684,-3945.35262860078,0
-16.1930215293244,5835.0382931233,10347.4032525142,-4339.5717430301,0
-15.1930215293244,5560.81573872227,9881.73147948146,-4130.44214735785,0
-15.1930215293244,5928.54327181546,9459.56970253321,-4411.20952668134,0
-14.1930215293244,6370.85749967495,9488.94474673517,-3952.64543351438,0
-14.1930215293244,6079.12099378143,9639.14286885564,-3904.52601073449,0
-13.1930215293244,6240.52572611911,9936.03108693812,-3901.56027006963,0
-13.1930215293244,6621.32046965748,9649.88012162842,-3806.11428330047,0
-12.1930215293244,6269.55856947513,9869.10370728107,-3647.02828893531,0
-12.1930215293244,6359.20397141302,9829.6346730987,-3165.88828968582,0
-11.1930215293244,6399.80619528197,9493.97491217558,-2976.89244542503,0
-11.1930215293244,6816.04958055034,9345.59812133353,-3356.18561913119,0
-10.1930215293244,6535.92172411928,9776.65151042644,-3148.66044053994,0
-10.1930215293244,6928.59812981688,9561.22766312877,-3440.32214843435,0
-9.19302152932443,7341.07169592992,9515.03615877604,-2962.77058319235,0
-9.19302152932443,7047.68963405589,9537.27360391258,-2920.79955593962,0
-8.19302152932443,7242.24857950077,9955.79458825397,-2922.93877871427,0
-8.19302152932443,7595.98888675967,9748.6078706087,-2825.82479656487,0
-7.19302152932443,7239.15194233745,9817.15088704661,-2659.34875988727,0
-7.19302152932443,7354.18378517456,9747.78135271849,-2194.31650974694,0
-6.19302152932443,7381.1054550056,9642.09925977061,-1993.61103872489,0
-6.19302152932443,7788.97520427318,9313.6462860621,-2371.31849484983,0
-5.19302152932443,7520.93096459895,9669.59126434488,-2167.74265061179,0
-5.19302152932443,7924.46055996796,9688.35434242258,-2468.0136082042,0
-4.19302152932443,8303.55925887642,9518.31231113723,-1981.15343197249,0
-4.19302152932443,8026.72999420628,9430.42279222854,-1931.72878410807,0
-3.19302152932443,8245.44869336492,9009.19599026921,-1949.02956130309,0
-3.19302152932443,8561.22901607357,8857.56922636567,-1842.19557916885,0
-2.19302152932443,8205.67485733615,8756.35257396488,-1681.73330162,0
-2.19302152932443,8343.28821610572,8710.58180835717,-1209.25865056784,0
-1.19302152932443,8362.95074012276,8794.15548271699,-1021.74754658946,0
-1.19302152932443,8770.49137819424,9283.60179976806,-1383.15651870751,0
-0.193021529324426,8502.4059996205,9552.84841727805,-1184.37896611262,0
-0.193021529324426,8932.8441751707,9826.6128339345,-1496.83077786071,0
0.806978470675574,9271.75016925536,9515.06420802571,-1976.80392832402,0
0.806978470675574,8989.81968104566,9342.7314880175,-1934.86282027093,0
1.80697847067557,9238.79043094587,8929.8409230594,-1954.31777984043,0
1.80697847067557,9543.99057667987,8988.72377791176,-1841.74679117417,0
2.80697847067557,9179.34472115018,8777.4680491147,-1677.28656057268,0
2.80697847067557,9328.50315108296,8578.11455192663,-1208.39099377812,0
3.80697847067557,9351.14637536468,8892.8551824476,-1028.116596214,0
3.80697847067557,9743.48432011629,9339.15427370988,-1373.94888501661,0
4.80697847067557,9471.74879918579,9428.90439284653,-1177.88275988958,0
4.80697847067557,9930.83834829653,9842.7168431437,-1504.01886557554,0
5.80697847067557,10249.6386402194,9580.69197244816,-1981.16465167235,0
5.80697847067557,9955.12712855876,9269.36961048668,-1928.32173524843,0
6.80697847067557,10244.0624493855,8927.55584418647,-1963.06914573675,0
6.80697847067557,10513.1650807472,9067.70298517602,-1844.93318593641,0
7.80697847067557,10148.2686519204,8727.7124201042,-1671.99086223542,0
7.80697847067557,10321.7252118653,8477.20457132221,-1212.11219423404,0
9.80697847067557,10056.1642657617,8462.86018504216,-1019.74483016319,0
9.80697847067557,10524.3941303641,8098.82393320523,-1352.35844257241,0
10.8069784706756,10812.0148763564,7809.92040152814,-1814.22673735022,0
10.8069784706756,10528.9437186602,7345.43417678135,-1771.45911140693,0
11.8069784706756,10847.7645800328,7096.61676277932,-1811.6966950302,0
11.8069784706756,11093.1263264758,7342.24030221919,-1685.30677602766,0
12.8069784706756,10725.2379776845,7828.57502250713,-1508.96488326694,0
12.8069784706756,10913.8560920498,7541.64802795662,-1056.19576508132,0
13.8069784706756,10917.7399781538,7322.72176435044,-873.539051245429,0
13.8069784706756,11307.9387001307,7486.18718156372,-1209.72239816235,0
14.8069784706756,11025.675360825,7372.07348416573,-1022.64699252881,0
14.8069784706756,10536.9863735149,7222.00812849369,-1359.87564148334,0
15.8069784706756,10800.0808555978,6847.11681703538,-1808.80014251452,0
15.8069784706756,10517.5145843956,7247.19261479531,-1766.70569856325,0
16.8069784706756,10861.2843183727,7079.41135303317,-1816.02749917889,0
16.8069784706756,11085.5380694657,7444.59575415649,-1691.31679525645,0
17.8069784706756,10705.7904979149,7791.10309490109,-1505.64385210629,0
17.8069784706756,10922.9290893423,7445.20161794931,-1058.56312175328,0
18.8069784706756,10917.6857496044,7445.80935169211,-885.229978506915,0
18.8069784706756,11297.5099891043,7482.32012500953,-1201.59559555864,0
19.8069784706756,11017.3110745741,7258.7732150081,-1010.51101717259,0
19.8069784706756,10558.8068198064,7324.67773202727,-1364.78613012517,0
20.8069784706756,10785.4971157206,6862.85244609894,-1806.35050804354,0
20.8069784706756,10503.1739380155,7161.77890965728,-1763.80353619763,0
21.8069784706756,10883.8340451555,7077.04212641124,-1826.14018865907,0
21.8069784706756,11075.8386389306,7559.33401484708,-1693.6504928288,0
22.8069784706756,10698.020855757,7743.34270251695,-1501.11109336,0
22.8069784706756,10928.3126753285,7361.16419599498,-1064.0981736877,0
23.8069784706756,10924.5877349726,7583.48441881094,-889.265330559105,0
23.8069784706756,11293.6111434005,7473.61737781264,-1199.17962018726,0
24.8069784706756,11018.6181696086,7142.39500818694,-1016.73421069886,0
24.8069784706756,10575.0809944636,7413.86312627061,-1376.36860028794,0
25.8069784706756,10776.3811095786,7873.319185577,-1804.55909596476,0
25.8069784706756,10496.6870815424,8045.90808873218,-1760.6582803349,0
26.8069784706756,10905.4300974496,8045.73792328419,-1831.27881119819,0
26.8069784706756,11066.3785619927,7660.65912434658,-1689.57026197714,0
27.8069784706756,10685.3332451573,7708.43073643059,-1499.79090867564,0
27.8069784706756,10942.791698007,7274.89592371708,-1060.68738492811,0
28.8069784706756,10922.8318519435,7721.09777758051,-898.020436355375,0
28.8069784706756,11287.995683617,7470.17666985341,-1191.4193277792,0
29.8069784706756,11012.7371769283,7037.8909837251,-1010.26044387556,0
29.8069784706756,10598.1767466399,7513.13877059439,-1374.01620321581,0
30.8069784706756,10760.6978391144,7924.44361797128,-1804.04672967083,0
30.8069784706756,10480.6784397821,7972.08246360686,-1756.36113528581,0
31.8069784706756,10921.5808554083,8039.78213260476,-1838.7137323101,0
31.8069784706756,11066.0363611468,7760.57242161282,-1686.95233200816,0
32.8069784706756,10683.2445110321,7671.28231017072,-1498.69511798862,0
32.8069784706756,10944.9215710317,8161.37002006419,-1065.74746956816,0
33.8069784706756,10925.2384775649,7843.28778893281,-907.321567545176,0
33.8069784706756,11284.0893581133,7464.69023661841,-1182.94471447961,0
34.8069784706756,11012.256599784,7898.94871997334,-1003.15463395975,0
34.8069784706756,10619.9971929314,7594.07394553548,-1388.22034324752,0
35.8069784706756,10750.5084816851,7948.67068988424,-1799.3568951264,0
35.8069784706756,10470.806973849,7868.85187507993,-1744.62906912481,0
36.8069784706756,10942.8066576068,8016.23759243371,-1839.12886120518,0
36.8069784706756,11057.8104511942,7869.79806976872,-1692.05355554772,0
37.8069784706756,10665.5790935914,7628.38378772898,-1489.61090099625,0
37.8069784706756,10959.7671039058,8071.77136687575,-1064.48338338313,0
38.8069784706756,10926.1192240045,7967.14018581541,-905.440397867464,0
38.8069784706756,11277.0527363467,8422.613251669,-1174.44392188033,0
39.8069784706756,11003.7988160342,8758.3852095908,-1009.57230228372,0
39.8069784706756,10634.9175238046,8655.47999236001,-1393.08969298983,0
40.8069784706756,10728.7478737929,8960.04435510155,-1793.65354769397,0
40.8069784706756,10456.7019411661,8770.07052700235,-1747.57985018985,0
41.8069784706756,9982.98751327867,8980.98592490344,-1845.13140063407,0
41.8069784706756,10066.8304604353,8959.58247745702,-1691.95257824892,0
42.8069784706756,9681.68247334851,8581.78152383318,-1489.77171669434,0
42.8069784706756,9988.44402731402,8954.33539781919,-1063.92987818969,0
43.8069784706756,9946.58706700994,9090.87727525145,-911.936604090497,0
43.8069784706756,10291.3834035248,9413.2585213819,-1173.17235589539,0
44.8069784706756,10017.5797179188,9637.53658182467,-1002.2645377703,0
44.8069784706756,9671.22010322247,9733.01622769343,-1399.07727281889,0
45.8069784706756,9739.51815621328,9982.20389179107,-1793.23093899898,0
45.8069784706756,9467.30392808845,9670.70575453168,-1738.63026959588,0
46.8069784706756,9021.7621665672,9949.91546552362,-1850.50563687039,0
46.8069784706756,9082.16342080157,10043.9346804597,-1690.61743396474,0
47.8069784706756,8680.4962956105,10511.7905550666,-1486.3235289352,0
47.8069784706756,9010.30311310297,10855.102151299,-1061.85797361424,0
48.8069784706756,8970.95936556911,11187.6783647087,-919.711856098376,0
48.8069784706756,9305.85992680123,11333.6111309297,-1170.47588802734,0
49.8069784706756,9038.1111392235,11493.2861595379,-1001.15752738341,0
49.8069784706756,8711.68519129098,11812.3519843576,-1412.06220546504,0
-150.193021529324,7452.01769806543,-9543.75954831658,-5372.29649709444,0
-49.1930215293244,7178.4795453563,-9970.89913210585,-5326.47711278731,0
-49.1930215293244,6769.40928820293,-9509.61987157106,-5443.55094100022,0
-47.1930215293244,7091.84476288274,-9335.2657356368,-5029.04099936131,0
-47.1930215293244,7059.03462057147,-9733.90167191379,-4888.9331273213,0
-46.1930215293244,7383.60931802593,-9595.91245319867,-5126.91418120172,0
-46.1930215293244,7112.47218108835,-9613.84340353623,-4957.64069935726,0
-45.1930215293244,6803.73595994623,-9205.38275007564,-5374.15148747246,0
-45.1930215293244,6820.87966134312,-8930.28879898494,-5745.60022102156,0
-44.1930215293244,6539.73081222415,-8526.06545217415,-5698.81594252586,0
-44.1930215293244,6153.87785399571,-8193.56964661354,-5816.04684653692,0
-43.1930215293244,6166.31489129836,-7796.44275996867,-5664.35650433413,0
-43.1930215293244,5772.34074031614,-7571.51582688359,-5441.42667782539,0
-41.1930215293244,6092.577153822,-7583.30399154393,-5667.8028221433,0
-41.1930215293244,5812.86442628602,-7700.49562660545,-5502.9386823466,0
-40.1930215293244,5531.37711622106,-8057.67664182359,-5932.87197140278,0
-40.1930215293244,5517.7339611827,-7865.81416424677,-6297.17749603651,0
-39.1930215293244,5242.94294198841,-7576.11403387911,-6238.52277508145,0
-39.1930215293244,4883.83400834311,-7166.18359973594,-6374.15772677445,0
-38.1930215293244,4874.08408915862,-7633.92540739417,-6206.72988555813,0
-38.1930215293244,4470.35253919201,-7554.62269878374,-5989.02095938753,0
-37.1930215293244,4833.03307729499,-7503.64412248773,-5575.33753563882,0
-37.1930215293244,4798.04631320952,-7457.63400328286,-5452.94930958887,0
-36.1930215293244,5110.37283830909,-7595.25484185233,-5662.96339160064,0
-36.1930215293244,4828.90983759385,-7822.85954330569,-5501.80923255998,0
-35.1930215293244,4573.12685992435,-7995.57747300934,-5944.77607296174,0
-35.1930215293244,4521.67705623392,-7832.2691315942,-6293.29921978246,0
-34.1930215293244,4248.86818401614,-7669.2618521255,-6235.17556462111,0
-34.1930215293244,3924.19998906279,-7204.60546193072,-6384.99221694609,0
-33.1930215293244,3886.10536811413,-7526.77914361363,-6211.58053580066,0
-33.1930215293244,3482.14942415018,-7593.02773142872,-5982.21060156822,0
-32.1930215293244,3861.57723425474,-7597.6296783242,-5577.0279704188,0
-32.1930215293244,3815.5390658002,-7349.754719111,-5451.55806680536,0
-31.1930215293244,4120.29977328941,-7619.94379140982,-5652.9142804197,0
-31.1930215293244,3848.32863866171,-7945.60866970137,-5504.89838992338,0
-30.1930215293244,3613.25348704686,-7930.20028188392,-5950.662675492,0
-30.1930215293244,3527.60977806157,-7814.41484920574,-6286.93017015792,0
-29.1930215293244,3260.31725827843,-7756.56981659109,-6228.99724989431,0
-29.1930215293244,2964.81280317955,-8207.93273239337,-6386.51809612801,0
-28.1930215293244,2906.33572747238,-8414.77911914266,-6206.92436035582,0
-28.1930215293244,2495.46844839031,-8618.00902263481,-5983.5120867528,0
-27.1930215293244,2889.74740121892,-8696.47025375521,-5573.972472155,0
-27.1930215293244,2842.58726277767,-9185.73892555838,-5464.95064854668,0
-26.1930215293244,3135.58972480619,-9587.57621619744,-5648.32916307402,0
-26.1930215293244,2852.28295341279,-10018.2836645444,-5502.52355345152,0
-25.1930215293244,2647.98343853332,-9821.05630048118,-5954.66810834454,0
-25.1930215293244,2536.57555875327,-9729.99160651011,-6293.47499508038,0
-24.1930215293244,2265.93208860984,-9813.1464120749,-6225.8071152321,0
-24.1930215293244,2000.04390126007,-10190.7098820516,-6391.84371366491,0
-23.1930215293244,1921.386325392,-10275.747727244,-6214.62481436459,0
-23.1930215293244,1508.50324023381,-10621.1761068514,-5978.6502168104,0
-22.1930215293244,1917.77171208482,-10744.7442713374,-5569.98947870219,0
-22.1930215293244,1870.87710654043,-11029.4478953642,-5466.94027532311,0
-21.1930215293244,2151.72115381301,-10588.8521515344,-5647.31191028608,0
-21.1930215293244,1877.16948821588,-10139.6153688569,-5493.80958655476,0
-20.1930215293244,1690.52978092717,-9745.38877462769,-5965.71577281365,0
-20.1930215293244,1549.52807279775,-9700.72501940686,-6282.22911591362,0
-19.1930215293244,1275.00632640027,-9898.86678900929,-6220.68719219276,0
-19.1930215293244,1043.18488774687,-10231.2747069209,-6394.74213613057,0
-18.1930215293244,929.869658989423,-10173.3043876578,-6214.46773856645,0
-18.1930215293244,514.200348364246,-10655.5270879444,-5970.60195210576,0
-17.1930215293244,940.156253817548,-10848.1786844119,-5578.55384960072,0
-17.1930215293244,890.860632501599,-10910.6761525714,-5472.02279936289,0
-16.1930215293244,1165.77319844445,-10601.4481345852,-5639.05795108387,0
-16.1930215293244,893.379455121756,-10248.8728061624,-5489.62089860439,0
-15.1930215293244,727.294237989523,-10666.1652333684,-5976.25481088878,0
-15.1930215293244,558.587350988351,-10621.7931903441,-6278.99036255199,0
-14.1930215293244,284.200240989272,-10963.4274414464,-6223.76886975625,0
-14.1930215293244,84.586820754279,-11234.8749900804,-6393.32097414741,0
-13.1930215293244,-49.3539562587994,-11048.7046402361,-6210.96345230797,0
-13.1930215293244,-467.932909049503,-10688.2474726568,-5975.1982891513,0
-12.1930215293244,-32.3542410102109,-10943.3815776839,-5572.52513087215,0
-12.1930215293244,-86.2013205722342,-10796.2857025767,-5481.71662004804,0
-11.1930215293244,184.631014518962,-10597.3099352842,-5635.21333392942,0
-11.1930215293244,-89.7747949798959,-10360.4284119907,-5488.46152961813,0
-10.1930215293244,-232.003190294783,-10604.6756682469,-5000.707517297,0
-10.1930215293244,-438.333470850195,-10579.4967917952,-5297.79955992708,0
-5.19302152932443,-552.176025501396,-10649.2477959188,-4821.10069187497,0
-5.19302152932443,-789.431538790408,-10640.7750525692,-5106.13903694786,0
-4.19302152932443,-1056.9222732712,-10253.1942605612,-5043.22083004331,0
-4.19302152932443,-1201.73493945546,-10447.3044180114,-5239.23646652093,0
-3.19302152932443,-1377.95528546762,-10927.6721279201,-5046.71389660192,0
-3.19302152932443,-1805.0686899572,-10848.6985305057,-4792.33899126574,0
-2.19302152932443,-1337.60737479566,-11256.0540435294,-4405.25747590186,0
-2.19302152932443,-1397.25877908891,-11647.9843391859,-4322.31023478461,0
-1.19302152932443,-1141.84231161507,-11666.9007531617,-4448.32990369154,0
-1.19302152932443,-1422.10854434449,-11678.776805471,-4311.58981156163,0
-0.193021529324426,-1519.63017558906,-11574.710349304,-3843.06262491271,0
-0.193021529324426,-1779.52330330986,-11560.3136044246,-4119.08781109238,0
0.806978470675574,-2054.0487896073,-11318.8245243857,-4059.61031214706,0
0.806978470675574,-2160.28812764859,-11452.4567596525,-4264.13796092383,0
1.80697847067557,-2362.91216734791,-11812.8559587825,-4061.55506012402,0
1.80697847067557,-2791.36819592159,-11852.4054008139,-3811.59697663551,0
2.80697847067557,-2312.75449909218,-11363.1554285105,-3424.55286027118,0
2.80697847067557,-2371.40735009726,-11525.7176598845,-3344.97526901401,0
4.80697847067557,-2439.44734999113,-11229.9102728892,-2887.83607773017,0
4.80697847067557,-2740.48685702443,-11283.4581604547,-3159.76607345836,0
5.80697847067557,-3011.49309746357,-11124.4899729382,-3089.95897083543,0
5.80697847067557,-3090.46108502796,-11212.3084337477,-3308.23075194936,0
7.80697847067557,-3580.2140738754,-10786.6554601908,-2922.28990607196,0
7.80697847067557,-3634.9662092267,-10728.5542444292,-2858.38249562913,0
8.80697847067557,-3409.63349699642,-11008.9906426066,-2957.56090255407,0
8.80697847067557,-3681.69438922306,-11206.036621522,-2818.40109515283,0
9.80697847067557,-3726.64050689055,-10757.9741674306,-2377.64640557486,0
9.80697847067557,-4053.2833690205,-10795.5190230858,-2628.55816355208,0
10.8069784706756,-4331.04760867957,-10781.8609084476,-2566.55249223671,0
10.8069784706756,-4376.40885524213,-10841.6151599897,-2786.14819793496,0
12.8069784706756,-4857.01778869791,-10492.0018323319,-2409.08587455237,0
12.8069784706756,-4910.31136306649,-10204.510112888,-2346.64076499221,0
13.8069784706756,-4688.93172508938,-10643.2789155895,-2436.1851896313,0
13.8069784706756,-4968.16200553108,-10920.0595615603,-2310.94528986513,0
14.8069784706756,-4988.57811938919,-11276.432758388,-1877.28145060315,0
14.8069784706756,-5347.87778793223,-11345.0113038755,-2124.97689461847,0
15.8069784706756,-5617.15993449179,-11446.6038162218,-2053.61773351393,0
15.8069784706756,-5638.82143503515,-11464.400130161,-2282.16301980614,0
16.8069784706756,-5907.79129994841,-11397.8056016,-2077.93082312587,0
16.8069784706756,-6344.74438122142,-11855.5543965766,-1806.47579469205,0
17.8069784706756,-6813.23977872072,-11573.3714651199,-1431.74716888182,0
17.8069784706756,-6869.89552314946,-11085.3949287514,-1380.66013548709,0
18.8069784706756,-6651.96033303155,-10621.043340403,-1454.25388681516,0
18.8069784706756,-6937.13705440279,-11030.1827857055,-1324.80285969888,0
19.8069784706756,-6935.63548457058,-11230.4675179826,-902.601813801095,0
19.8069784706756,-7316.93698455295,-11293.4025544369,-1139.87041673995,0
20.8069784706756,-7593.65031232446,-11529.1714574935,-1066.11397976381,0
20.8069784706756,-7580.00341738615,-11482.9500339412,-1305.89392552292,0
21.8069784706756,-7873.60800330754,-11307.7076717674,-1096.98311399808,0
21.8069784706756,-8310.32173098339,-10897.4425165782,-817.883730054829,0
22.8069784706756,-8773.19231894933,-10691.3964684194,-450.272133860268,0
22.8069784706756,-8821.5492253764,-10971.4626165012,-406.073996183924,0
23.8069784706756,-8617.2010917975,-10620.5534135088,-466.57435776712,0
23.8069784706756,-8904.98078353791,-10151.17352967,-339.730040919963,0
24.8069784706756,-8876.57811332442,-10174.7255496409,75.342755662281,0
24.8069784706756,-9290.72715461761,-10262.2092894044,-158.391641818449,0
27.8069784706756,-9739.042051956,-10136.5935296927,202.97432145011,0
27.8069784706756,-9792.16359092662,-10192.7406477275,245.482024346482,0
28.8069784706756,-9597.71497253044,-9997.68055568855,194.215475753885,0
28.8069784706756,-9877.09484897036,-9604.04860555228,317.585425542205,0
29.8069784706756,-9829.0577039895,-9470.41076043561,722.265040147588,0
29.8069784706756,-10276.3160795904,-9561.21553135976,508.142678034495,0
30.8069784706756,-10548.5677067148,-10028.7946533699,575.728280083746,0
30.8069784706756,-10480.0639592264,-9931.48619642282,323.722601369493,0
31.8069784706756,-10810.3158248136,-9444.35487744432,536.612666447185,0
31.8069784706756,-11257.5573708647,-9305.33344634143,822.967456304472,0
32.8069784706756,-11697.0274048079,-9242.22637448912,1187.78160733218,0
32.8069784706756,-11742.7065428667,-9101.18539741017,1221.24623213569,0
33.8069784706756,-11566.8040883508,-9010.89486272992,1181.51353500644,0
33.8069784706756,-11844.2840956132,-8729.83390125992,1308.4251700528,0
34.8069784706756,-11771.0923835304,-8430.04352081181,1699.89919791464,0
34.8069784706756,-12247.8174308822,-8533.73598698327,1485.46268420527,0
35.8069784706756,-12521.1685885935,-8139.77118575094,1558.93114888482,0
35.8069784706756,-12423.4038638519,-8015.43447182407,1302.46002962347,0
39.8069784706756,-12317.042979062,-7561.44053640296,1683.07712791395,0
39.8069784706756,-11843.4239186234,-7663.54354509325,1479.48258417612,0
